Apple ID Number,Order Number,Item Purchased Date,Content Type,Item Reference Number,Item Description,Seller,Device Identifier,Device Details,Device IP Address
1332525800,R5SLF047MB1,2019-12-14T07:09:15Z,iOS and tvOS Apps,1090934862,Moon Climbing - MoonBoard,Webelectrix,4d09c5bfe3dfe758cf0a794309c8b24962105ec9,"AppStore/3.0 iOS/12.4.1 model/iPhone8,2 hwp/s8003 build/16G102 (6; dt:142)",1.129.111.166
1332525800,R5SLDX057T0,2019-12-13T05:41:56Z,iOS and tvOS Apps,828256236,Medium,A Medium Corporation,4d09c5bfe3dfe758cf0a794309c8b24962105ec9,"AppStore/3.0 iOS/12.4.1 model/iPhone8,2 hwp/s8003 build/16G102 (6; dt:142)",1.129.110.138
1332525800,R5SLDMXQQYW,2019-12-11T07:31:56Z,iOS and tvOS Apps,1446075923,Disney+,"Disney Electronic Content, Inc.",4d09c5bfe3dfe758cf0a794309c8b24962105ec9,"AppStore/3.0 iOS/12.4.1 model/iPhone8,2 hwp/s8003 build/16G102 (6; dt:142)",203.219.253.12
1332525800,R5SLD3HZX9J,2019-12-05T12:36:53Z,iOS and tvOS Apps,310251202,CommBank,Commonwealth Bank of Australia,4d09c5bfe3dfe758cf0a794309c8b24962105ec9,"com.apple.AppStore.ProductPageExtension/1.0 iOS/12.4.1 model/iPhone8,2 hwp/s8003 build/16G102 (6; dt:142)",1.129.108.157
1332525800,R5SL9DX6H55,2019-11-17T12:38:52Z,iOS and tvOS Apps,1174114204,ACT Cabs - Book & Track,ACT Cabs Pty Ltd,4d09c5bfe3dfe758cf0a794309c8b24962105ec9,"AppStore/3.0 iOS/12.4.1 model/iPhone8,2 hwp/s8003 build/16G102 (6; dt:142)",193.119.52.84
1332525800,R5SL9D43GT4,2019-11-17T03:49:15Z,iOS and tvOS Apps,1376029326,Codecademy Go,"Ryzac, Inc.",4d09c5bfe3dfe758cf0a794309c8b24962105ec9,"AppStore/3.0 iOS/12.4.1 model/iPhone8,2 hwp/s8003 build/16G102 (6; dt:142)",193.119.52.84
1332525800,R5SL8MFSV8F,2019-11-09T22:20:55Z,iOS and tvOS Apps,1215606098,GIF Maker - Make Video to GIFs,Brain Craft Ltd,4d09c5bfe3dfe758cf0a794309c8b24962105ec9,"AppStore/3.0 iOS/12.4.1 model/iPhone8,2 hwp/s8003 build/16G102 (6; dt:142)",1.129.107.225
1332525800,R5SL6GZY8F2,2019-10-18T22:51:56Z,iOS and tvOS Apps,1353634006,Google Tasks: Get Things Done,Google LLC,4d09c5bfe3dfe758cf0a794309c8b24962105ec9,"AppStore/3.0 iOS/12.4.1 model/iPhone8,2 hwp/s8003 build/16G102 (6; dt:142)",220.240.6.188
1332525800,R5SL4Z4Q9WY,2019-10-04T02:05:42Z,iOS and tvOS Apps,1227650795,Decibel : dB sound level meter,Vlad Polyanskiy,4d09c5bfe3dfe758cf0a794309c8b24962105ec9,"AppStore/3.0 iOS/12.4.1 model/iPhone8,2 hwp/s8003 build/16G102 (6; dt:142)",1.129.111.52
1332525800,R5SL3KSFJ4F,2019-09-19T07:12:13Z,iOS and tvOS Apps,1199564834,"Adobe Scan: PDF Scanner, OCR",Adobe Inc.,4d09c5bfe3dfe758cf0a794309c8b24962105ec9,"com.apple.AppStore.ProductPageExtension/1.0 iOS/12.4.1 model/iPhone8,2 hwp/s8003 build/16G102 (6; dt:142)",61.69.148.22
1332525800,R5SL2KZSXYT,2019-09-04T23:56:55Z,iOS and tvOS Apps,1461702710,First State Super,FSS Trustee Corporation,4d09c5bfe3dfe758cf0a794309c8b24962105ec9,"AppStore/3.0 iOS/12.4 model/iPhone8,2 hwp/s8003 build/16G77 (6; dt:142)",61.69.148.22
1332525800,R5SL29WFV8H,2019-09-01T00:12:59Z,iOS and tvOS Apps,953517029,My Chord - easy play chord,Toshikazu Fukuoka|8095987158,4d09c5bfe3dfe758cf0a794309c8b24962105ec9,"AppStore/3.0 iOS/12.4 model/iPhone8,2 hwp/s8003 build/16G77 (6; dt:142)",1.125.106.102
1332525800,R5SL29WDQZ7,2019-09-01T00:11:24Z,iOS and tvOS Apps,1339399661,Chord Progression Generator,Michael Krautsieder,4d09c5bfe3dfe758cf0a794309c8b24962105ec9,"AppStore/3.0 iOS/12.4 model/iPhone8,2 hwp/s8003 build/16G77 (6; dt:142)",1.125.106.102
1332525800,R5SL1ZMFQLW,2019-08-26T19:41:43Z,iOS and tvOS Apps,573751328,TapeACall: Call Recorder,Epic Enterprises LLC,4d09c5bfe3dfe758cf0a794309c8b24962105ec9,"AppStore/3.0 iOS/12.4 model/iPhone8,2 hwp/s8003 build/16G77 (6; dt:142)",1.125.109.69
1332525800,R5SL1GS1GQQ,2019-08-19T00:24:05Z,iOS and tvOS Apps,640437525,Qantas Airways,Qantas Airways Ltd,4d09c5bfe3dfe758cf0a794309c8b24962105ec9,"AppStore/3.0 iOS/12.3.1 model/iPhone8,2 hwp/s8003 build/16F203 (6; dt:142)",1.125.106.82
1332525800,R5SKZZ0YGDH,2019-07-26T04:46:38Z,iOS and tvOS Apps,510623322,MAPS.ME – Offline Map & Nav,My.com B.V.,4d09c5bfe3dfe758cf0a794309c8b24962105ec9,"AppStore/3.0 iOS/12.3.1 model/iPhone8,2 hwp/s8003 build/16F203 (6; dt:142)",1.129.107.117
1332525800,R5SKZV1B04F,2019-07-24T05:36:44Z,iOS and tvOS Apps,1206449238,Tone Generator: Audio Sound Hz,TMSOFT,4d09c5bfe3dfe758cf0a794309c8b24962105ec9,"AppStore/3.0 iOS/12.3.1 model/iPhone8,2 hwp/s8003 build/16F203 (6; dt:142)",1.144.109.216
1332525800,R5SKZ4Z1JT9,2019-07-14T03:02:59Z,iOS and tvOS Apps,1091700242,Gboard – the Google Keyboard,Google LLC,4d09c5bfe3dfe758cf0a794309c8b24962105ec9,"AppStore/3.0 iOS/12.3.1 model/iPhone8,2 hwp/s8003 build/16F203 (6; dt:142)",1.144.105.176
1332525800,R5SKXVWY95M,2019-06-24T06:30:07Z,iOS and tvOS Apps,546505307,ZOOM Cloud Meetings,"Zoom Video Communications, Inc.",4d09c5bfe3dfe758cf0a794309c8b24962105ec9,"AppStore/3.0 iOS/12.3.1 model/iPhone8,2 hwp/s8003 build/16F203 (6; dt:142)",1.129.105.12
1332525800,R5SKWG9DX90,2019-06-03T00:40:04Z,iOS and tvOS Apps,400989007,Google Play Books,Google LLC,4d09c5bfe3dfe758cf0a794309c8b24962105ec9,"AppStore/3.0 iOS/12.2 model/iPhone8,2 hwp/s8003 build/16E227 (6; dt:142)",144.139.183.128
1332525800,R5SKVLJZKS3,2019-05-20T14:55:43Z,iOS and tvOS Apps,1145815975,Scheduled App,Scheduled B.V.,4d09c5bfe3dfe758cf0a794309c8b24962105ec9,"com.apple.AppStore.ProductPageExtension/1.0 iOS/12.2 model/iPhone8,2 hwp/s8003 build/16E227 (6; dt:142)",193.119.58.91
1332525800,R5SKTGXLBJD,2019-05-02T05:40:20Z,iOS and tvOS Apps,952977781,Adobe Digital Editions,Adobe Inc.,4d09c5bfe3dfe758cf0a794309c8b24962105ec9,"AppStore/3.0 iOS/12.2 model/iPhone8,2 hwp/s8003 build/16E227 (6; dt:142)",1.129.111.204
1332525800,R5SKSY2QKV7,2019-04-23T12:48:04Z,iOS and tvOS Apps,1006393168,The Battle of Polytopia,Midjiwan AB,4d09c5bfe3dfe758cf0a794309c8b24962105ec9,"AppStore/3.0 iOS/12.2 model/iPhone8,2 hwp/s8003 build/16E227 (6; dt:142)",202.168.16.135
1332525800,R5SKSTW91D8,2019-04-21T06:47:34Z,iOS and tvOS Apps,639881495,Imgur - Meme & GIF Maker,"Imgur, Inc.",4d09c5bfe3dfe758cf0a794309c8b24962105ec9,"AppStore/3.0 iOS/12.2 model/iPhone8,2 hwp/s8003 build/16E227 (6; dt:142)",1.129.109.191
1332525800,R5SKQ9VNX4B,2019-03-28T22:13:30Z,iOS and tvOS Apps,472662922,SpectrumView,Oxford Wave Research Ltd.,4d09c5bfe3dfe758cf0a794309c8b24962105ec9,"com.apple.AppStore.ProductPageExtension/1.0 iOS/12.1.4 model/iPhone8,2 hwp/s8003 build/16D57 (6; dt:142)",1.144.105.76
1332525800,R5SKNM8KQFY,2019-03-18T06:10:52Z,iOS and tvOS Apps,976577934,IKEA Store,IKEA IT AB,4d09c5bfe3dfe758cf0a794309c8b24962105ec9,"AppStore/3.0 iOS/12.1.4 model/iPhone8,2 hwp/s8003 build/16D57 (6; dt:142)",1.144.105.216
1332525800,R5SKNK5NFF2,2019-03-16T12:24:17Z,iOS and tvOS Apps,631980748,PaperShip - Mendeley & Zotero,shazino,4d09c5bfe3dfe758cf0a794309c8b24962105ec9,"AppStore/3.0 iOS/12.1.4 model/iPhone8,2 hwp/s8003 build/16D57 (6; dt:142)",203.220.204.140
1332525800,R5SKNJW49S3,2019-03-16T06:42:57Z,iOS and tvOS Apps,1451032483,iVote Verification,NEW SOUTH WALES ELECTORAL COMMISSION,4d09c5bfe3dfe758cf0a794309c8b24962105ec9,"AppStore/3.0 iOS/12.1.4 model/iPhone8,2 hwp/s8003 build/16D57 (6; dt:142)",203.220.204.140
1332525800,R5SKN577YQ9,2019-03-10T00:29:10Z,iOS and tvOS Apps,1166823295,Linkt,TRANSURBAN LIMITED,4d09c5bfe3dfe758cf0a794309c8b24962105ec9,"AppStore/3.0 iOS/12.1.4 model/iPhone8,2 hwp/s8003 build/16D57 (6; dt:142)",14.200.205.205
1332525800,R5SKMHTH4YH,2019-02-27T09:30:08Z,iOS and tvOS Apps,746894884,Google Play Movies & TV,Google LLC,4d09c5bfe3dfe758cf0a794309c8b24962105ec9,"com.apple.AppStore.ProductPageExtension/1.0 iOS/12.1.2 model/iPhone8,2 hwp/s8003 build/16C101 (6; dt:142)",14.200.206.229
1332525800,R5SKMHT7YFN,2019-02-27T09:23:31Z,iOS and tvOS Apps,545519333,Amazon Prime Video,AMZN Mobile LLC,4d09c5bfe3dfe758cf0a794309c8b24962105ec9,"com.apple.AppStore.ProductPageExtension/1.0 iOS/12.1.2 model/iPhone8,2 hwp/s8003 build/16C101 (6; dt:142)",14.200.206.229
1332525800,R5SKM3486H2,2019-02-20T09:44:06Z,iOS and tvOS Apps,458023433,Splitwise,"Splitwise, Inc.",4d09c5bfe3dfe758cf0a794309c8b24962105ec9,"AppStore/3.0 iOS/12.1.2 model/iPhone8,2 hwp/s8003 build/16C101 (6; dt:142)",61.68.81.76
1332525800,R5SKL47K4YN,2019-02-03T22:40:44Z,iOS and tvOS Apps,574820474,Cellopark Australia,cellopark technology LTD,4d09c5bfe3dfe758cf0a794309c8b24962105ec9,"AppStore/3.0 iOS/12.1.2 model/iPhone8,2 hwp/s8003 build/16C101 (6; dt:142)",1.129.111.121
1332525800,R5SKL0G5GKF,2019-02-01T09:47:34Z,iOS and tvOS Apps,915249334,Shortcuts,Apple Inc.,4d09c5bfe3dfe758cf0a794309c8b24962105ec9,"AppStore/3.0 iOS/12.1.2 model/iPhone8,2 hwp/s8003 build/16C101 (6; dt:142)",58.171.68.28
1332525800,R5SKL04TVB4,2019-02-01T06:01:28Z,iOS and tvOS Apps,974748812,GIPHY: The GIF Search Engine,"Giphy, Inc.",4d09c5bfe3dfe758cf0a794309c8b24962105ec9,"AppStore/3.0 iOS/12.1.2 model/iPhone8,2 hwp/s8003 build/16C101 (6; dt:142)",1.144.109.193
1332525800,R5SKKS2B1FS,2019-01-28T21:31:05Z,iOS and tvOS Apps,284876795,TripAdvisor Hotels Restaurants,TripAdvisor,4d09c5bfe3dfe758cf0a794309c8b24962105ec9,"AppStore/3.0 iOS/12.1.2 model/iPhone8,2 hwp/s8003 build/16C101 (6; dt:142)",1.129.111.164
1332525800,R5SKKJTFW6Q,2019-01-25T04:17:23Z,iOS and tvOS Apps,406768449,Parkmobile,Cobalt Telephone Technologies Ltd,4d09c5bfe3dfe758cf0a794309c8b24962105ec9,"AppStore/3.0 iOS/12.1.2 model/iPhone8,2 hwp/s8003 build/16C101 (6; dt:142)",1.144.107.248
1332525800,R5SKK3LN2ZW,2019-01-17T09:14:53Z,iOS and tvOS Apps,616626316,ALDImobile,MEDION AUSTRALIA PTY LIMITED,4d09c5bfe3dfe758cf0a794309c8b24962105ec9,"AppStore/3.0 iOS/12.1.2 model/iPhone8,2 hwp/s8003 build/16C101 (6; dt:142)",1.144.110.164
1332525800,R5SKK12VB89,2019-01-15T23:19:41Z,iOS and tvOS Apps,1055281310,Philips Hue,Signify Netherlands B.V.,4d09c5bfe3dfe758cf0a794309c8b24962105ec9,"AppStore/3.0 iOS/12.1.2 model/iPhone8,2 hwp/s8003 build/16C101 (6; dt:142)",115.64.165.111
1332525800,R5SKJZ8Z7FD,2019-01-14T22:52:45Z,iOS and tvOS Apps,970107419,HelloFresh,Hellofresh GmbH,4d09c5bfe3dfe758cf0a794309c8b24962105ec9,"AppStore/3.0 iOS/12.1.2 model/iPhone8,2 hwp/s8003 build/16C101 (6; dt:142)",115.64.165.111
1332525800,R5SKJL7S7LJ,2019-01-08T01:54:15Z,iOS and tvOS Apps,1303242160,myTOMRA,Tomra Systems ASA,4d09c5bfe3dfe758cf0a794309c8b24962105ec9,"com.apple.AppStore.ProductPageExtension/1.0 iOS/12.1.2 model/iPhone8,2 hwp/s8003 build/16C101 (6; dt:142)",1.144.107.168
1332525800,R5SKDZ9JLHD,2018-11-04T21:45:08Z,iOS and tvOS Apps,944011620,Amazon Alexa,AMZN Mobile LLC,4d09c5bfe3dfe758cf0a794309c8b24962105ec9,"AppStore/3.0 iOS/12.0.1 model/iPhone8,2 hwp/s8003 build/16A404 (6; dt:142)",14.203.202.50
1332525800,R5SKB312G52,2018-10-07T12:17:56Z,iOS and tvOS Apps,930441707,Bumble - Meet New People,Bumble Holding Limited,4d09c5bfe3dfe758cf0a794309c8b24962105ec9,"AppStore/3.0 iOS/11.4.1 model/iPhone8,2 hwp/s8003 build/15G77 (6; dt:142)",124.168.113.63
1332525800,R5SK99M5YJV,2018-09-26T21:21:33Z,iOS and tvOS Apps,448155923,Decibel X:dB Sound Level Meter,SkyPaw Co. Ltd,4d09c5bfe3dfe758cf0a794309c8b24962105ec9,"com.apple.AppStore.ProductPageExtension/1.0 iOS/11.4.1 model/iPhone8,2 hwp/s8003 build/15G77 (6; dt:142)",121.216.120.125
1332525800,R5SK8ZD0H3S,2018-09-21T22:07:35Z,iOS and tvOS Apps,547702041,Tinder,Tinder Inc.,4d09c5bfe3dfe758cf0a794309c8b24962105ec9,"AppStore/3.0 iOS/11.4.1 model/iPhone8,2 hwp/s8003 build/15G77 (6; dt:142)",1.129.105.51
1332525800,R5SK8NH70SD,2018-09-17T21:28:56Z,iOS and tvOS Apps,414706506,Google Translate,Google LLC,4d09c5bfe3dfe758cf0a794309c8b24962105ec9,"StoreKitUIService/1.0 iOS/11.4.1 model/iPhone8,2 hwp/s8003 build/15G77 (6; dt:142)",1.129.104.38
1332525800,R5SK4YBW5M4,2018-07-24T20:19:25Z,iOS and tvOS Apps,1017492454,YouTube Music,Google LLC,4d09c5bfe3dfe758cf0a794309c8b24962105ec9,"MobileStore/1.0 iOS/11.4 model/iPhone8,2 hwp/s8003 build/15F79 (6; dt:142)",121.218.169.58
1332525800,R5SK4717HYH,2018-07-14T05:43:47Z,iOS and tvOS Apps,650276551,Seven - 7 Minute Workout,Perigee AB,4d09c5bfe3dfe758cf0a794309c8b24962105ec9,"AppStore/3.0 iOS/11.4 model/iPhone8,2 hwp/s8003 build/15F79 (6; dt:142)",60.240.10.120
1332525800,R5SK46Q0H0D,2018-07-14T01:26:59Z,iOS and tvOS Apps,986238829,Teachers Health,Teachers Federation Health Ltd,4d09c5bfe3dfe758cf0a794309c8b24962105ec9,"com.apple.AppStore.ProductPageExtension/1.0 iOS/11.4 model/iPhone8,2 hwp/s8003 build/15F79 (6; dt:142)",60.240.10.120
1332525800,R5SK3Z1F60M,2018-07-10T06:51:05Z,iOS and tvOS Apps,539108382,Lapse It,INTERACTIVE UNIVERSE CREATIVE SOFTWARES EIRELI,4d09c5bfe3dfe758cf0a794309c8b24962105ec9,"com.apple.AppStore.ProductPageExtension/1.0 iOS/11.4 model/iPhone8,2 hwp/s8003 build/15F79 (6; dt:142)",121.44.100.26
1332525800,R5SK26ZTXM0,2018-06-14T06:08:38Z,iOS and tvOS Apps,610214220,Card Plus,New South Wales Teachers Federation,4d09c5bfe3dfe758cf0a794309c8b24962105ec9,"AppStore/3.0 iOS/11.4 model/iPhone8,2 hwp/s8003 build/15F79 (6; dt:142)",1.144.106.84
1332525800,R5SK05SN63N,2018-05-13T12:43:34Z,iOS and tvOS Apps,756540885,Unblock My Car - Park Move Out,Huiying YIN,4d09c5bfe3dfe758cf0a794309c8b24962105ec9,"AppStore/3.0 iOS/11.3.1 model/iPhone8,2 hwp/s8003 build/15E302 (6; dt:142)",101.174.68.64
1332525800,R5SJZWXNNNG,2018-05-08T03:46:31Z,iOS and tvOS Apps,569816828,The EducationHQ App,Tempo Media Pty Ltd,4d09c5bfe3dfe758cf0a794309c8b24962105ec9,"MobileStore/1.0 iOS/11.3 model/iPhone8,2 hwp/s8003 build/15E216 (6; dt:142)",1.129.110.63
1332525800,R5SJZB7X153,2018-04-30T01:11:11Z,iOS and tvOS Apps,586612052,Mathspace,Mathspace PTY LTD,4d09c5bfe3dfe758cf0a794309c8b24962105ec9,"AppStore/3.0 iOS/11.3 model/iPhone8,2 hwp/s8003 build/15E216 (6; dt:142)",1.144.105.170
1332525800,R5SJZ8ZM09M,2018-04-28T23:25:28Z,iOS and tvOS Apps,911813648,SwiftKey Keyboard,TouchType Ltd,4d09c5bfe3dfe758cf0a794309c8b24962105ec9,"AppStore/3.0 iOS/11.3 model/iPhone8,2 hwp/s8003 build/15E216 (6; dt:142)",1.144.107.165
1332525800,R5SJYS83YK0,2018-04-19T21:56:57Z,iOS and tvOS Apps,309620151,TripCase,Sabre Inc,4d09c5bfe3dfe758cf0a794309c8b24962105ec9,"AppStore/3.0 iOS/11.3 model/iPhone8,2 hwp/s8003 build/15E216 (6; dt:142)",60.240.10.120
1332525800,R5SJYGGB73G,2018-04-15T13:31:15Z,iOS and tvOS Apps,1330123889,PUBG MOBILE,Tencent Mobile International Limited,4d09c5bfe3dfe758cf0a794309c8b24962105ec9,"AppStore/3.0 iOS/11.3 model/iPhone8,2 hwp/s8003 build/15E216 (6; dt:142)",60.240.10.120
1332525800,R5SJXL47FJB,2018-04-01T02:52:41Z,iOS and tvOS Apps,442415567,Brainscape - Smart Flashcards,"Bold Learning Solutions, Inc.",4d09c5bfe3dfe758cf0a794309c8b24962105ec9,"com.apple.AppStore.ProductPageExtension/1.0 iOS/11.2.6 model/iPhone8,2 hwp/s8003 build/15D100 (6; dt:142)",60.240.10.120
1332525800,R5SJXL3N5QJ,2018-04-01T02:28:36Z,iOS and tvOS Apps,385952415,Learn World Geography,"Bold Learning Solutions, Inc.",4d09c5bfe3dfe758cf0a794309c8b24962105ec9,"AppStore/3.0 iOS/11.2.6 model/iPhone8,2 hwp/s8003 build/15D100 (6; dt:142)",60.240.10.120
1332525800,R5SJXK5FT6D,2018-03-31T11:04:00Z,iOS and tvOS Apps,454862619,Best Brokers Stock Market Game,cdef GmbH,4d09c5bfe3dfe758cf0a794309c8b24962105ec9,"AppStore/3.0 iOS/11.2.6 model/iPhone8,2 hwp/s8003 build/15D100 (6; dt:142)",60.240.10.120
1332525800,R5SJX9WB4XD,2018-03-28T08:55:10Z,iOS and tvOS Apps,568839295,Blinkist: Read in 15 minutes,Blinks Labs GmbH,4d09c5bfe3dfe758cf0a794309c8b24962105ec9,"AppStore/3.0 iOS/11.2.6 model/iPhone8,2 hwp/s8003 build/15D100 (6; dt:142)",101.174.81.12
1332525800,R5SJX7DKFHX,2018-03-27T05:18:20Z,iOS and tvOS Apps,1241932661,Scan-IT to Office,TEC-IT Datenverarbeitung GmbH,4d09c5bfe3dfe758cf0a794309c8b24962105ec9,"AppStore/3.0 iOS/11.2.6 model/iPhone8,2 hwp/s8003 build/15D100 (6; dt:142)",1.144.109.47
1332525800,R5SJW7KZL54,2018-03-10T08:17:54Z,iOS and tvOS Apps,1291851950,Dune!,Voodoo,4d09c5bfe3dfe758cf0a794309c8b24962105ec9,"AppStore/3.0 iOS/11.2.6 model/iPhone8,2 hwp/s8003 build/15D100 (6; dt:142)",121.218.190.107
1332525800,R5SJW7KXL41,2018-03-10T08:16:31Z,iOS and tvOS Apps,1347934041,Sky Ball,Ketchapp,4d09c5bfe3dfe758cf0a794309c8b24962105ec9,"AppStore/3.0 iOS/11.2.6 model/iPhone8,2 hwp/s8003 build/15D100 (6; dt:142)",121.218.190.107
1332525800,R5SJW3ZHXH6,2018-03-08T06:28:58Z,iOS and tvOS Apps,1046510029,Bose Connect,Bose Corporation,4d09c5bfe3dfe758cf0a794309c8b24962105ec9,"AppStore/3.0 iOS/11.2.6 model/iPhone8,2 hwp/s8003 build/15D100 (6; dt:142)",1.129.110.159
1332525800,R5SJW1MG62Y,2018-03-07T00:06:56Z,iOS and tvOS Apps,879478102,Google Slides,Google LLC,4d09c5bfe3dfe758cf0a794309c8b24962105ec9,"com.apple.AppStore.ProductPageExtension/1.0 iOS/11.2.6 model/iPhone8,2 hwp/s8003 build/15D100 (6; dt:142)",1.129.107.178
1332525800,R5SJVL3F7V6,2018-02-27T05:35:41Z,iOS and tvOS Apps,1220976145,Google Assistant,Google LLC,4d09c5bfe3dfe758cf0a794309c8b24962105ec9,"AppStore/3.0 iOS/11.2.5 model/iPhone8,2 hwp/s8003 build/15D60 (6; dt:142)",1.129.109.168
1332525800,R5SJVFS5B74,2018-02-23T22:19:23Z,iOS and tvOS Apps,962194608,Google Photos,Google LLC,4d09c5bfe3dfe758cf0a794309c8b24962105ec9,"AppStore/3.0 iOS/11.2.5 model/iPhone8,2 hwp/s8003 build/15D60 (6; dt:142)",60.240.10.120
1332525800,R5SJVDZ5GBL,2018-02-23T10:47:03Z,iOS and tvOS Apps,1180884341,FaceApp - AI Face Editor,FaceApp Inc,4d09c5bfe3dfe758cf0a794309c8b24962105ec9,"AppStore/3.0 iOS/11.2.5 model/iPhone8,2 hwp/s8003 build/15D60 (6; dt:142)",60.240.10.120
1332525800,R5SJTGMSKLN,2018-02-08T01:01:22Z,iOS and tvOS Apps,653330894,Pocketbook,Pocketbook Australia Pty Ltd,4d09c5bfe3dfe758cf0a794309c8b24962105ec9,"AppStore/3.0 iOS/11.2.5 model/iPhone8,2 hwp/s8003 build/15D60 (6; dt:142)",1.129.111.165
1332525800,R5SJT83FH48,2018-02-04T23:49:39Z,iOS and tvOS Apps,432526396,HP Reveal,Aurasma,4d09c5bfe3dfe758cf0a794309c8b24962105ec9,"AppStore/3.0 iOS/11.2.5 model/iPhone8,2 hwp/s8003 build/15D60 (6; dt:142)",153.107.192.208
1332525800,R5SJSZZ44WQ,2018-01-31T05:54:33Z,iOS and tvOS Apps,975089690,Woolworths,Woolworths Group Limited,4d09c5bfe3dfe758cf0a794309c8b24962105ec9,"AppStore/3.0 iOS/11.2.2 model/iPhone8,2 hwp/s8003 build/15C202 (6; dt:142)",1.144.105.232
1332525800,R5SJSG3VGM3,2018-01-22T10:46:40Z,iOS and tvOS Apps,1050970557,Google Arts & Culture,Google LLC,4d09c5bfe3dfe758cf0a794309c8b24962105ec9,"AppStore/3.0 iOS/11.2.2 model/iPhone8,2 hwp/s8003 build/15C202 (6; dt:142)",1.129.110.132
1332525800,R5SJQXQ208G,2018-01-12T03:20:29Z,iOS and tvOS Apps,874184071,A360 - View CAD files,Autodesk,4d09c5bfe3dfe758cf0a794309c8b24962105ec9,"AppStore/3.0 iOS/11.2.1 model/iPhone8,2 hwp/s8003 build/15C153 (6; dt:142)",103.217.166.66
1332525800,R5SJQV019TL,2018-01-10T14:54:07Z,iOS and tvOS Apps,989804926,"Firefox: Private, Safe Browser",Mozilla Corporation,4d09c5bfe3dfe758cf0a794309c8b24962105ec9,"AppStore/3.0 iOS/11.2.1 model/iPhone8,2 hwp/s8003 build/15C153 (6; dt:142)",123.211.99.26
1332525800,R5SJNMK29QQ,2017-12-17T10:19:30Z,iOS and tvOS Apps,468699619,Sphero,"Sphero, Inc.",4d09c5bfe3dfe758cf0a794309c8b24962105ec9,"com.apple.appstored/1.0 iOS/11.1.2 model/iPhone8,2 hwp/s8003 build/15B202 (6; dt:142)",60.240.10.120
1332525800,R5SJNMK25S6,2017-12-17T10:19:16Z,iOS and tvOS Apps,1017847674,Sphero Edu,"Sphero, Inc.",4d09c5bfe3dfe758cf0a794309c8b24962105ec9,"com.apple.appstored/1.0 iOS/11.1.2 model/iPhone8,2 hwp/s8003 build/15B202 (6; dt:142)",60.240.10.120
1332525800,R5SJNFFBDTJ,2017-12-14T05:10:22Z,iOS and tvOS Apps,1201586468,Origin Energy,Origin Energy Retail Ltd,4d09c5bfe3dfe758cf0a794309c8b24962105ec9,"com.apple.appstored/1.0 iOS/11.1.2 model/iPhone8,2 hwp/s8003 build/15B202 (6; dt:142)",101.174.94.206
1332525800,R5SJMZ839WS,2017-12-07T05:21:10Z,iOS and tvOS Apps,664939913,Tile - Find lost keys & phone,"Tile, Inc.",4d09c5bfe3dfe758cf0a794309c8b24962105ec9,"com.apple.appstored/1.0 iOS/11.1.2 model/iPhone8,2 hwp/s8003 build/15B202 (6; dt:142)",110.146.157.109
1332525800,R5SJMSSZKVG,2017-12-04T10:26:38Z,iOS and tvOS Apps,706408639,Bandcamp,Bandcamp Inc,4d09c5bfe3dfe758cf0a794309c8b24962105ec9,"com.apple.appstored/1.0 iOS/11.1.2 model/iPhone8,2 hwp/s8003 build/15B202 (6; dt:142)",58.166.70.59
1332525800,R5SJMF8ZB84,2017-11-29T01:16:24Z,iOS and tvOS Apps,1237027601,Can I fly there?,Civil Aviation Safety Authority,4d09c5bfe3dfe758cf0a794309c8b24962105ec9,"com.apple.appstored/1.0 iOS/11.1.2 model/iPhone8,2 hwp/s8003 build/15B202 (6; dt:142)",1.144.107.107
1332525800,R5SJMF8YVV9,2017-11-29T01:15:58Z,iOS and tvOS Apps,1054845923,RWY Check,OzRunways Pty. Ltd.,4d09c5bfe3dfe758cf0a794309c8b24962105ec9,"com.apple.appstored/1.0 iOS/11.1.2 model/iPhone8,2 hwp/s8003 build/15B202 (6; dt:142)",1.144.107.107
1332525800,R5SJM880SFW,2017-11-26T07:14:52Z,iOS and tvOS Apps,935546571,Kogan,KOGAN.COM PTY LTD,4d09c5bfe3dfe758cf0a794309c8b24962105ec9,"com.apple.appstored/1.0 iOS/11.1.1 model/iPhone8,2 hwp/s8003 build/15B150 (6; dt:142)",121.217.42.184
1332525800,R5SJM5HZG5F,2017-11-24T02:10:06Z,iOS and tvOS Apps,912561374,Marco Polo - Stay In Touch,"Joya Communications, Inc.",4d09c5bfe3dfe758cf0a794309c8b24962105ec9,"com.apple.appstored/1.0 iOS/11.1.1 model/iPhone8,2 hwp/s8003 build/15B150 (6; dt:142)",1.144.108.77
1332525800,R5SJM465S34,2017-11-23T05:40:17Z,iOS and tvOS Apps,1035163158,eWeLink - Smart Home Control,Shenzhen CoolKit Technologies Co. Ltd.,4d09c5bfe3dfe758cf0a794309c8b24962105ec9,"com.apple.appstored/1.0 iOS/11.1.1 model/iPhone8,2 hwp/s8003 build/15B150 (6; dt:142)",110.147.150.193
1332525800,R5SJLTNWX7M,2017-11-17T21:58:33Z,iOS and tvOS Apps,1254607852,Continue on PC,Microsoft Corporation,4d09c5bfe3dfe758cf0a794309c8b24962105ec9,"com.apple.appstored/1.0 iOS/11.1.1 model/iPhone8,2 hwp/s8003 build/15B150 (6; dt:142)",101.175.204.161
1332525800,R5SJL8XS1XL,2017-11-10T09:59:19Z,iOS and tvOS Apps,1265614682,Drop the Ball!,Voodoo,4d09c5bfe3dfe758cf0a794309c8b24962105ec9,"com.apple.appstored/1.0 iOS/11.0.3 model/iPhone8,2 hwp/s8003 build/15A432 (6; dt:142)",121.216.208.225
1332525800,R5SJKGFZ63Y,2017-10-28T04:23:18Z,iOS and tvOS Apps,1056672891,Fallen London,Failbetter Games Ltd,4d09c5bfe3dfe758cf0a794309c8b24962105ec9,"com.apple.appstored/1.0 iOS/11.0.3 model/iPhone8,2 hwp/s8003 build/15A432 (6; dt:142)",121.218.173.110
1332525800,R5SJK2XK2G0,2017-10-21T11:27:12Z,iOS and tvOS Apps,1196764367,Words With Friends 2 Word Game,Zynga Mobile,4d09c5bfe3dfe758cf0a794309c8b24962105ec9,"com.apple.appstored/1.0 iOS/11.0.3 model/iPhone8,2 hwp/s8003 build/15A432 (6; dt:142)",121.217.96.166
1332525800,R5SJJYT2LL6,2017-10-18T23:24:17Z,iOS and tvOS Apps,1137764318,Australian Birds and Sounds,Faisal Akhtar|8204291633,f19c85b449b46fd3c24327f8d53689bd70cb4d7a,"com.apple.appstored/1.0 iOS/10.3.3 model/iPhone6,1 hwp/s5l8960x build/14G60 (6; dt:89)",203.33.161.71
1332525800,R5SJJYS395Z,2017-10-18T22:54:32Z,iOS and tvOS Apps,908666128,Stepathlon,Stepathlon Lifestyle Private Limited,f19c85b449b46fd3c24327f8d53689bd70cb4d7a,"com.apple.appstored/1.0 iOS/10.3.3 model/iPhone6,1 hwp/s5l8960x build/14G60 (6; dt:89)",203.33.161.71
1332525800,R5SJJST1T1S,2017-10-16T11:15:07Z,iOS and tvOS Apps,307569751,New York Times Crossword,The New York Times Company (iDP),4d09c5bfe3dfe758cf0a794309c8b24962105ec9,"com.apple.appstored/1.0 iOS/11.0.1 model/iPhone8,2 hwp/s8003 build/15A402 (6; dt:142)",121.218.185.6
1332525800,R5SJJKL4VQ2,2017-10-12T19:54:42Z,iOS and tvOS Apps,1272072750,fit2teach,fit2teach limited,4d09c5bfe3dfe758cf0a794309c8b24962105ec9,"com.apple.appstored/1.0 iOS/11.0.1 model/iPhone8,2 hwp/s8003 build/15A402 (6; dt:142)",110.146.153.145
1332525800,R5SJJ89NF49,2017-10-07T12:29:38Z,iOS and tvOS Apps,793152994,BroadLink e-Control,"Broadlink Co.,Ltd",4d09c5bfe3dfe758cf0a794309c8b24962105ec9,"com.apple.appstored/1.0 iOS/11.0.1 model/iPhone8,2 hwp/s8003 build/15A402 (6; dt:142)",110.147.138.253
1332525800,R5SJJ89JWF7,2017-10-07T12:25:04Z,iOS and tvOS Apps,1200318119,QR Code Reader ·,TinyLab,4d09c5bfe3dfe758cf0a794309c8b24962105ec9,"com.apple.appstored/1.0 iOS/11.0.1 model/iPhone8,2 hwp/s8003 build/15A402 (6; dt:142)",110.147.138.253
1332525800,R5SJJ4VV2YY,2017-10-05T11:59:52Z,iOS and tvOS Apps,542090992,SBS On Demand,Special Broadcasting Service (SBS),4d09c5bfe3dfe758cf0a794309c8b24962105ec9,"com.apple.appstored/1.0 iOS/11.0.1 model/iPhone8,2 hwp/s8003 build/15A402 (6; dt:142)",203.33.161.71
1332525800,R5SJJ4B73VQ,2017-10-05T04:04:23Z,iOS and tvOS Apps,701184049,Plickers,Plickers Inc.,4d09c5bfe3dfe758cf0a794309c8b24962105ec9,"com.apple.appstored/1.0 iOS/11.0.1 model/iPhone8,2 hwp/s8003 build/15A402 (6; dt:142)",203.33.161.71
1332525800,R5SJJ19ZTQK,2017-10-03T13:17:58Z,iOS and tvOS Apps,557137623,Angry Birds Star Wars,Rovio Entertainment Oyj,4d09c5bfe3dfe758cf0a794309c8b24962105ec9,"com.apple.appstored/1.0 iOS/11.0 model/iPhone8,2 hwp/s8003 build/15A372 (6; dt:142)",203.33.161.71
1332525800,R5SJJ19GW94,2017-10-03T13:05:21Z,iOS and tvOS Apps,645859810,Angry Birds Star Wars II,Rovio Entertainment Oyj,4d09c5bfe3dfe758cf0a794309c8b24962105ec9,"com.apple.appstored/1.0 iOS/11.0 model/iPhone8,2 hwp/s8003 build/15A372 (6; dt:142)",203.33.161.71
1332525800,R5SJHSBWHD2,2017-09-28T19:17:22Z,iOS and tvOS Apps,913335252,"Brilliant – solve, learn, grow","Brilliant Worldwide, Inc",4d09c5bfe3dfe758cf0a794309c8b24962105ec9,"com.apple.appstored/1.0 iOS/11.0 model/iPhone8,2 hwp/s8003 build/15A372 (6; dt:142)",1.144.97.105
1332525800,R5SJH7T2LDT,2017-09-21T07:08:34Z,iOS and tvOS Apps,485694706,KenKen Classic,"KenKen Puzzle, LLC",4d09c5bfe3dfe758cf0a794309c8b24962105ec9,"com.apple.appstored/1.0 iOS/11.0 model/iPhone8,2 hwp/s8003 build/15A372 (6; dt:142)",110.147.138.253
1332525800,R5SJGQ64YFS,2017-09-11T05:24:49Z,iOS and tvOS Apps,1146717204,GeoGebra Graphing Calculator,"Internationales GeoGebra Institut, ""IGI""",f19c85b449b46fd3c24327f8d53689bd70cb4d7a,"com.apple.appstored/1.0 iOS/10.3.3 model/iPhone6,1 hwp/s5l8960x build/14G60 (6; dt:89)",1.144.97.8
1332525800,R5SJGMZNGTK,2017-09-10T00:27:32Z,iOS and tvOS Apps,1136578460,Codemurai,Zenva Pty Ltd,f19c85b449b46fd3c24327f8d53689bd70cb4d7a,"com.apple.appstored/1.0 iOS/10.3.3 model/iPhone6,1 hwp/s5l8960x build/14G60 (6; dt:89)",101.175.193.100
1332525800,R5SJGLH7JZ1,2017-09-08T22:30:57Z,iOS and tvOS Apps,692424691,OwnTracks,Christoph Krey,f19c85b449b46fd3c24327f8d53689bd70cb4d7a,"com.apple.appstored/1.0 iOS/10.3.3 model/iPhone6,1 hwp/s5l8960x build/14G60 (6; dt:89)",101.175.193.100
1332525800,R5SJFJM9MDN,2017-08-19T13:49:58Z,iOS and tvOS Apps,907405413,Video & TV Cast | Chromecast,Kraus und Karnath GbR 2Kit Consulting,f19c85b449b46fd3c24327f8d53689bd70cb4d7a,"com.apple.appstored/1.0 iOS/10.3.3 model/iPhone6,1 hwp/s5l8960x build/14G60 (6; dt:89)",58.166.91.132
1332525800,R5SJF75DS8W,2017-08-13T21:43:35Z,iOS and tvOS Apps,596961532,Kickstarter,"Kickstarter, PBC",f19c85b449b46fd3c24327f8d53689bd70cb4d7a,,1.129.96.33
1332525800,R5SJD5NZ8D9,2017-07-24T08:28:45Z,iOS and tvOS Apps,329913454,Crunchyroll,"Ellation, Inc.",f19c85b449b46fd3c24327f8d53689bd70cb4d7a,,58.167.71.172
1332525800,R5SJBV69NMF,2017-07-17T00:11:54Z,iOS and tvOS Apps,985746746,Discord,"Discord, Inc.",f19c85b449b46fd3c24327f8d53689bd70cb4d7a,,1.144.97.27
1332525800,R5SJBJ851T9,2017-07-11T08:42:26Z,iOS and tvOS Apps,310633997,WhatsApp Messenger,WhatsApp Inc.,f19c85b449b46fd3c24327f8d53689bd70cb4d7a,,203.217.32.141
1332525800,R5SJ926BXFK,2017-06-12T13:41:09Z,iOS and tvOS Apps,1036898971,Rocketbook App,"Rocket Innovations, Inc.",f19c85b449b46fd3c24327f8d53689bd70cb4d7a,,121.217.2.89
1332525800,R5SJ8F7455Q,2017-05-31T06:01:40Z,iOS and tvOS Apps,834618886,Padlet,"Wallwisher, Inc.",f19c85b449b46fd3c24327f8d53689bd70cb4d7a,,1.144.97.122
1332525800,R5SJ73ZZK8Y,2017-05-05T03:20:40Z,iOS and tvOS Apps,840919914,2048,Ketchapp,f19c85b449b46fd3c24327f8d53689bd70cb4d7a,,1.144.97.209
1332525800,R5SJ6WN21DX,2017-04-30T13:25:27Z,iOS and tvOS Apps,401626263,Airbnb,"Airbnb, Inc.",f19c85b449b46fd3c24327f8d53689bd70cb4d7a,,58.166.82.65
1332525800,R5SJ6MB36TS,2017-04-26T11:59:15Z,iOS and tvOS Apps,367003839,Booking.com: Hotels & Travel,Booking.com B.V.,f19c85b449b46fd3c24327f8d53689bd70cb4d7a,,58.166.82.65
1332525800,R5SJ6H2YVX2,2017-04-23T07:39:24Z,iOS and tvOS Apps,320606217,Sleep Cycle: smart alarm clock,Sleep Cycle AB,f19c85b449b46fd3c24327f8d53689bd70cb4d7a,,58.166.82.65
1332525800,R5SJ5S6M2F9,2017-04-09T05:55:48Z,iOS and tvOS Apps,370891827,Fires Near Me NSW,NSW Rural Fire Service,f19c85b449b46fd3c24327f8d53689bd70cb4d7a,,1.129.97.169
1332525800,R5SJ5S6BD59,2017-04-09T05:39:02Z,iOS and tvOS Apps,447303817,Live Traffic NSW,Transport for NSW,f19c85b449b46fd3c24327f8d53689bd70cb4d7a,,1.129.97.169
1332525800,R5SJ4YJGZ5D,2017-03-25T10:57:32Z,iOS and tvOS Apps,981790180,OpenLearning,Open Learning Global Pty Ltd,f19c85b449b46fd3c24327f8d53689bd70cb4d7a,,58.164.22.209
1332525800,R5SJ4H3XJVF,2017-03-17T00:49:51Z,iOS and tvOS Apps,436858222,CheapOair: Cheap Flight Deals,"Fareportal, Inc.",f19c85b449b46fd3c24327f8d53689bd70cb4d7a,,1.129.97.56
1332525800,R5SJ430FJBS,2017-03-09T05:29:09Z,iOS and tvOS Apps,1097801576,SURE Universal Smart TV Remote,Sure Universal Ltd,f19c85b449b46fd3c24327f8d53689bd70cb4d7a,,121.216.98.67
1332525800,R5SJ3HN0TMV,2017-02-26T08:38:52Z,iOS and tvOS Apps,426826309,"Strava: Run, Ride, Swim",Strava Inc.,f19c85b449b46fd3c24327f8d53689bd70cb4d7a,,121.216.233.11
1332525800,R5SJ3DQZDVQ,2017-02-24T02:28:21Z,iOS and tvOS Apps,378352300,Edmodo,"Edmodo, Inc.",f19c85b449b46fd3c24327f8d53689bd70cb4d7a,,1.129.96.231
1332525800,R5SJ3446G60,2017-02-18T03:23:16Z,iOS and tvOS Apps,909319292,Google Calendar: Time Planner,Google LLC,f19c85b449b46fd3c24327f8d53689bd70cb4d7a,,121.217.22.90
1332525800,R5SJ2WT80HD,2017-02-13T18:42:05Z,iOS and tvOS Apps,283646709,PayPal: Mobile Cash,"PayPal, Inc.",f19c85b449b46fd3c24327f8d53689bd70cb4d7a,,121.218.176.69
1332525800,R5SJ2V8KL6W,2017-02-12T09:58:10Z,iOS and tvOS Apps,406473568,Interval Timer - HIIT Workouts,Deltaworks Limited,f19c85b449b46fd3c24327f8d53689bd70cb4d7a,,121.218.176.69
1332525800,R5SJ2QHW7X9,2017-02-10T01:38:55Z,iOS and tvOS Apps,1099616125,Matrix Color - Classic Block Puzzle,Hanh Ho,f19c85b449b46fd3c24327f8d53689bd70cb4d7a,,1.144.96.238
1332525800,R5SJ2FVWB09,2017-02-04T08:38:25Z,iOS and tvOS Apps,1002309281,Woolworths Money,Woolworths Group Limited,f19c85b449b46fd3c24327f8d53689bd70cb4d7a,,121.216.172.127
1332525800,R5SJ21BZKHG,2017-01-27T04:46:02Z,iOS and tvOS Apps,393753220,G-Whizz! for Google Apps - The #1 Apps Browser,Richard A Bloomfield Jr.,f19c85b449b46fd3c24327f8d53689bd70cb4d7a,,1.144.97.22
1332525800,R5SJ1SJQJSV,2017-01-22T04:12:06Z,iOS and tvOS Apps,1131203560,Kahoot! Play & Create Quizzes,Kahoot AS,f19c85b449b46fd3c24327f8d53689bd70cb4d7a,,60.240.11.31
1332525800,R5SJ1KLGXHM,2017-01-18T23:58:45Z,iOS and tvOS Apps,953486050,Pix4Dcapture,Pix4D SA (Pix4D AG) (Pix4D Ltd),f19c85b449b46fd3c24327f8d53689bd70cb4d7a,,1.144.97.100
1332525800,R5SJ1GQKVWB,2017-01-17T01:03:00Z,iOS and tvOS Apps,380897313,Australia Post,Australia Post,f19c85b449b46fd3c24327f8d53689bd70cb4d7a,,1.129.97.99
1332525800,R5SJ1986000,2017-01-12T23:41:22Z,iOS and tvOS Apps,967848759,Mandolin Chords,scott sopata,f19c85b449b46fd3c24327f8d53689bd70cb4d7a,,1.144.97.45
1332525800,R5SJ19466J0,2017-01-12T21:26:29Z,iOS and tvOS Apps,326132785,Battery Magic: Battery Life Battery Stats Battery Charge & Saver all in one!,"infoSpider, Inc.",f19c85b449b46fd3c24327f8d53689bd70cb4d7a,,1.144.97.45
1332525800,R5SJ15XB2NK,2017-01-10T16:27:53Z,iOS and tvOS Apps,563516237,Virgin Australia entertainment,Lufthansa Systems Americas Inc.,f19c85b449b46fd3c24327f8d53689bd70cb4d7a,,111.69.52.154
1332525800,R5SJ0M9SQNW,2016-12-27T22:55:22Z,iOS and tvOS Apps,582914766,Rankers Camping NZ,Rankers.co.nz Ltd,f19c85b449b46fd3c24327f8d53689bd70cb4d7a,,203.97.154.130
1332525800,R5SJ0BG6QF7,2016-12-22T06:00:22Z,iOS and tvOS Apps,948095331,Stan.,Stan Entertainment Pty Ltd,f19c85b449b46fd3c24327f8d53689bd70cb4d7a,,60.240.11.31
1332525800,R5SHYK0GNL6,2016-11-19T06:42:56Z,iOS and tvOS Apps,943780750,DJI GO,"SZ DJI TECHNOLOGY CO., LTD",f19c85b449b46fd3c24327f8d53689bd70cb4d7a,,121.216.20.149
1332525800,R5SHY3QYBXL,2016-11-11T08:41:58Z,iOS and tvOS Apps,925311796,Acast - Podcast Player,Acast AB,f19c85b449b46fd3c24327f8d53689bd70cb4d7a,,1.129.96.120
1332525800,R5SHXLW4BQG,2016-11-02T23:50:39Z,iOS and tvOS Apps,924620788,Google Classroom,Google LLC,f19c85b449b46fd3c24327f8d53689bd70cb4d7a,,153.107.192.204
1332525800,R5SHWGL7JJ1,2016-10-15T02:51:08Z,iOS and tvOS Apps,560442518,Smiling Mind,SMILING MIND PTY. LTD.,f19c85b449b46fd3c24327f8d53689bd70cb4d7a,,121.217.18.208
1332525800,R5SHVY8VBD1,2016-10-06T11:35:42Z,iOS and tvOS Apps,305343404,Tumblr,"Tumblr, Inc.",f19c85b449b46fd3c24327f8d53689bd70cb4d7a,,203.206.9.193
1332525800,R5SHVLL9B1F,2016-10-01T03:05:16Z,iOS and tvOS Apps,368677368,Uber,"Uber Technologies, Inc.",f19c85b449b46fd3c24327f8d53689bd70cb4d7a,,1.129.96.212
1332525800,R5SHVGJMW2L,2016-09-29T03:20:13Z,iOS and tvOS Apps,477149123,Babbel – Learn French,Lesson Nine GmbH,f19c85b449b46fd3c24327f8d53689bd70cb4d7a,,220.240.13.168
1332525800,R5SHVGJL0WM,2016-09-29T03:18:26Z,iOS and tvOS Apps,829587759,Babbel – Learn Languages,Lesson Nine GmbH,f19c85b449b46fd3c24327f8d53689bd70cb4d7a,,220.240.13.168
1332525800,R5SHVG1K9GQ,2016-09-28T21:34:22Z,iOS and tvOS Apps,994882113,Habitica: Gamified Taskmanager,"HabitRPG, Inc.",f19c85b449b46fd3c24327f8d53689bd70cb4d7a,,220.240.13.168
1332525800,R5SHVDD9VV6,2016-09-28T01:27:02Z,iOS and tvOS Apps,469463298,Citymapper,Citymapper Limited,f19c85b449b46fd3c24327f8d53689bd70cb4d7a,,1.144.97.18
1332525800,R5SHV9X51K3,2016-09-27T06:54:26Z,iOS and tvOS Apps,931484922,"Bolla - Tournament Bracket Maker, Round Robin, Elimination Tournament Generator",Inova Eg,f19c85b449b46fd3c24327f8d53689bd70cb4d7a,,1.129.96.193
1332525800,R5SHV97HST7,2016-09-26T23:00:41Z,iOS and tvOS Apps,343747162,"my nrma: Food, Fuel & Parking",NRMA Ltd,f19c85b449b46fd3c24327f8d53689bd70cb4d7a,,220.240.13.168
1332525800,R5SHV97HK7V,2016-09-26T23:00:29Z,iOS and tvOS Apps,1082505146,Dual N Back Pro,Mark Ashton Smith,f19c85b449b46fd3c24327f8d53689bd70cb4d7a,,220.240.13.168
1332525800,R5SHV97HGLK,2016-09-26T23:00:24Z,iOS and tvOS Apps,1099572886,Dual N-Back: Brain Training,Lindware OU,f19c85b449b46fd3c24327f8d53689bd70cb4d7a,,220.240.13.168
1332525800,R5SHV97HFYL,2016-09-26T23:00:22Z,iOS and tvOS Apps,512296400,Dual N-Back,Mikko Tyrskeranta,f19c85b449b46fd3c24327f8d53689bd70cb4d7a,,220.240.13.168
1332525800,R5SHV85994Q,2016-09-26T04:53:04Z,iOS and tvOS Apps,581331897,QuizCross,Mobile Access Group AB,f19c85b449b46fd3c24327f8d53689bd70cb4d7a,,220.240.13.168
1332525800,R5SHV72GXNT,2016-09-25T07:38:50Z,iOS and tvOS Apps,1058959277,Uber Eats: Food Delivery,"Uber Technologies, Inc.",f19c85b449b46fd3c24327f8d53689bd70cb4d7a,,101.175.155.183
1332525800,R5SHTTKB1ML,2016-09-17T09:28:35Z,iOS and tvOS Apps,765857205,Seagate Backup,Seagate Technologies LLC,f19c85b449b46fd3c24327f8d53689bd70cb4d7a,,121.218.192.18
1332525800,R5SHTTJ83WW,2016-09-17T08:49:45Z,iOS and tvOS Apps,586683407,Microsoft Excel,Microsoft Corporation,f19c85b449b46fd3c24327f8d53689bd70cb4d7a,,121.218.192.18
1332525800,R5SHN6X8FN2,2016-07-13T14:03:21Z,iOS and tvOS Apps,379693831,Audible audiobooks & originals,"Audible, Inc.",f19c85b449b46fd3c24327f8d53689bd70cb4d7a,,203.206.9.193
1332525800,R5SHN5FJY81,2016-07-12T13:20:54Z,iOS and tvOS Apps,1094591345,Pokémon GO,"Niantic, Inc.",f19c85b449b46fd3c24327f8d53689bd70cb4d7a,,203.206.9.193
1332525800,R5SHMTW15FK,2016-07-05T04:51:07Z,iOS and tvOS Apps,461504587,Trello — organize anything!,"Trello, Inc.",f19c85b449b46fd3c24327f8d53689bd70cb4d7a,,1.144.96.50
1332525800,R5SHLX5TM60,2016-06-16T06:37:06Z,iOS and tvOS Apps,502583287,Polycom RealPresence Mobile,Polycom,f19c85b449b46fd3c24327f8d53689bd70cb4d7a,,1.144.97.97
1332525800,R5SHLS11QBQ,2016-06-13T10:27:55Z,iOS and tvOS Apps,618783545,Slack,"Slack Technologies, Inc.",f19c85b449b46fd3c24327f8d53689bd70cb4d7a,,110.146.173.230
1332525800,R5SHLQ30BZS,2016-06-12T13:02:27Z,iOS and tvOS Apps,336353151,SoundCloud - Music & Audio,SoundCloud Ltd,f19c85b449b46fd3c24327f8d53689bd70cb4d7a,,203.206.9.193
1332525800,R5SHLNM51KW,2016-06-12T01:56:03Z,iOS and tvOS Apps,306862897,Blizzard Authenticator,"Blizzard Entertainment, Inc.",f19c85b449b46fd3c24327f8d53689bd70cb4d7a,,1.144.96.167
1332525800,R5SHKM46MFZ,2016-05-22T11:26:38Z,iOS and tvOS Apps,429047995,Pinterest,"Pinterest, Inc.",f19c85b449b46fd3c24327f8d53689bd70cb4d7a,,1.136.96.238
1332525800,R5SHK5MJ17T,2016-05-13T11:48:32Z,iOS and tvOS Apps,739803913,Hawker Brownlow Events,"CrowdCompass, Inc.",f19c85b449b46fd3c24327f8d53689bd70cb4d7a,,203.206.9.193
1332525800,R5SHJTXJ446,2016-05-06T02:22:10Z,iOS and tvOS Apps,653517540,Desmos Graphing Calculator,"Desmos, Inc.",f19c85b449b46fd3c24327f8d53689bd70cb4d7a,,1.144.97.46
1332525800,R5SHJHH909W,2016-04-29T23:54:52Z,iOS and tvOS Apps,1064216828,Reddit,"REDDIT, INC.",f19c85b449b46fd3c24327f8d53689bd70cb4d7a,,121.216.201.146
1332525800,R5SHHQVDJM7,2016-04-14T11:27:06Z,iOS and tvOS Apps,590216134,Plant Nanny,"FOURDESIRE CO., LTD.",f19c85b449b46fd3c24327f8d53689bd70cb4d7a,,203.36.227.139
1332525800,R5SHHKY4854,2016-04-11T22:03:24Z,iOS and tvOS Apps,288429040,LinkedIn: Network & Job Finder,LinkedIn Corporation,f19c85b449b46fd3c24327f8d53689bd70cb4d7a,,220.240.13.168
1332525800,R5SHHJT35YT,2016-04-11T01:40:58Z,iOS and tvOS Apps,941006607,Opal Travel,Transport for NSW,f19c85b449b46fd3c24327f8d53689bd70cb4d7a,,1.129.96.40
1332525800,R5SHHJLLNX6,2016-04-10T22:04:08Z,iOS and tvOS Apps,462638897,Fitbit,"Fitbit, Inc.",f19c85b449b46fd3c24327f8d53689bd70cb4d7a,,220.240.13.168
1332525800,R5SHH9B182D,2016-04-06T09:25:44Z,iOS and tvOS Apps,1033652930,Regional Australia Bank,Regional Australia Bank Ltd,f19c85b449b46fd3c24327f8d53689bd70cb4d7a,,1.144.96.212
1332525800,R5SHGY4BKGZ,2016-03-30T06:09:01Z,iOS and tvOS Apps,429674305,Vivo miles,Vivo Rewards LTD,f19c85b449b46fd3c24327f8d53689bd70cb4d7a,,1.144.96.204
1332525800,R5SHGNNS97J,2016-03-25T21:03:42Z,iOS and tvOS Apps,999702795,Boost Mobile,Boost Tel Pty Limited,f19c85b449b46fd3c24327f8d53689bd70cb4d7a,,60.240.11.31
1332525800,R5SHGMVF123,2016-03-25T09:39:28Z,iOS and tvOS Apps,878783582,Adobe Lightroom Photo Editor,Adobe Inc.,f19c85b449b46fd3c24327f8d53689bd70cb4d7a,,60.240.11.31
1332525800,R5SHFXL17GQ,2016-03-11T20:54:59Z,iOS and tvOS Apps,997598303,Telstra Air,Telstra Corporation Ltd,a669b0843879539a0cccc08870bf75308740a3b1,,58.164.18.192
1332525800,R5SH9L36G7Z,2016-01-06T15:05:45Z,iOS and tvOS Apps,358352297,Sex Positions Kamasutra 01,Tuscan Concepts Inc,a669b0843879539a0cccc08870bf75308740a3b1,,1.136.97.27
1332525800,R5SH9L31K3V,2016-01-06T14:59:55Z,iOS and tvOS Apps,380094054,Big Book of Kamasutra,Benjamin Satterwhite,a669b0843879539a0cccc08870bf75308740a3b1,,1.136.97.27
1332525800,R5SH9L2VSSV,2016-01-06T14:52:46Z,iOS and tvOS Apps,717760115,Best Erotic Role Play Game & Ideas for Couples: Fun & Hot Bedroom Guide!,Raspinder Pal Singh,a669b0843879539a0cccc08870bf75308740a3b1,,1.136.97.27
1332525800,R5SH9H7HQB0,2016-01-04T11:52:23Z,iOS and tvOS Apps,509836559,Couple Foreplay - Sex Game (Free),Sinziana Matei,a669b0843879539a0cccc08870bf75308740a3b1,,1.136.97.10
1332525800,R5SH9FSDLZ3,2016-01-02T14:30:09Z,iOS and tvOS Apps,747574888,Toyota Link,Toyota Motor Corporation Australia Ltd,a669b0843879539a0cccc08870bf75308740a3b1,,220.240.13.168
1332525800,R5SH8T0H8F6,2015-12-17T07:51:19Z,iOS and tvOS Apps,363590051,Netflix,"Netflix, Inc.",a669b0843879539a0cccc08870bf75308740a3b1,,60.240.11.31
1332525800,R5SH883LLJY,2015-12-06T19:08:41Z,iOS and tvOS Apps,664461825,Australian Taxation Office,Australian Taxation Office,a669b0843879539a0cccc08870bf75308740a3b1,,60.241.152.192
1332525800,R5SH6QZ88KY,2015-10-25T11:15:41Z,iOS and tvOS Apps,718421443,QuizUp®,Glu Games Inc,a669b0843879539a0cccc08870bf75308740a3b1,,60.241.152.192
1332525800,R5SH66DWW92,2015-10-11T06:36:43Z,iOS and tvOS Apps,646925503,Goniometer Pro,5FUF5 CO,a669b0843879539a0cccc08870bf75308740a3b1,,60.241.152.192
1332525800,R5SH5WNXLBQ,2015-10-02T22:22:19Z,iOS and tvOS Apps,980810759,Floors,Ketchapp,a669b0843879539a0cccc08870bf75308740a3b1,,203.206.9.193
1332525800,R5SH4NG55H2,2015-09-05T13:47:19Z,Mac Apps,693443591,Free MP4 Converter,"OKWare Co., Ltd",94DE80C1CB0B,,60.241.152.192
1332525800,R5SH4H74VKM,2015-08-31T09:17:51Z,iOS and tvOS Apps,921209849,Liztener,Michael Demmer|11757560504|1,a669b0843879539a0cccc08870bf75308740a3b1,,1.144.96.58
1332525800,R5SH4GL0X9M,2015-08-30T12:07:08Z,iOS and tvOS Apps,680819774,Google Home,Google LLC,a669b0843879539a0cccc08870bf75308740a3b1,,60.241.152.192
1332525800,R5SH3XJVNBX,2015-08-13T08:02:28Z,iOS and tvOS Apps,457517126,School Enews,The Enews Experts,a669b0843879539a0cccc08870bf75308740a3b1,,60.241.152.192
1332525800,R5SH3FK0KMF,2015-07-31T04:32:35Z,iOS and tvOS Apps,410395246,Microsoft OneNote,Microsoft Corporation,a669b0843879539a0cccc08870bf75308740a3b1,,1.129.97.90
1332525800,R5SH2ZLFYGB,2015-07-16T21:53:10Z,Mac Apps,999042894,Streaming - Netflix edition - It's About Time,It's About Time Products - CLOSED 01-10-2019-112338,94DE80C1CB0B,,60.241.152.192
1332525800,R5SH2XZ9QVW,2015-07-15T08:16:51Z,iOS and tvOS Apps,447188370,Snapchat,"Snap, Inc.",a669b0843879539a0cccc08870bf75308740a3b1,,60.241.152.192
1332525800,R5SH2VM6GXK,2015-07-12T23:34:39Z,iOS and tvOS Apps,586447913,Microsoft Word,Microsoft Corporation,a669b0843879539a0cccc08870bf75308740a3b1,,1.129.96.54
1332525800,R5SH2VM09HF,2015-07-12T23:20:53Z,iOS and tvOS Apps,477537958,Microsoft OneDrive,Microsoft Corporation,a669b0843879539a0cccc08870bf75308740a3b1,,1.129.96.54
1332525800,R5SH2Q0J1TV,2015-07-09T12:29:31Z,iOS and tvOS Apps,890526071,We-Connect by We-Vibe,Standard Innovation Corp.,a669b0843879539a0cccc08870bf75308740a3b1,,114.78.162.28
1332525800,R5SH2HTYM5L,2015-07-04T07:43:44Z,iOS and tvOS Apps,539409595,Naked Wines,Naked Wines Australia Pty Ltd,a669b0843879539a0cccc08870bf75308740a3b1,,101.170.85.66
1332525800,R5SH2DTT02W,2015-07-01T07:06:34Z,Mac Apps,784801555,Microsoft OneNote,Microsoft Corporation,94DE80C1CB0B,,203.206.9.193
1332525800,R5SH2DTSXFG,2015-07-01T07:06:17Z,Mac Apps,823766827,OneDrive,Microsoft Corporation,94DE80C1CB0B,,203.206.9.193
1332525800,R5SH2D5370Q,2015-06-30T09:42:04Z,iOS and tvOS Apps,562413829,Udemy Online Video Courses,Udemy Inc,a669b0843879539a0cccc08870bf75308740a3b1,,203.206.9.193
1332525800,R5SH29XN61Z,2015-06-29T04:15:36Z,iOS and tvOS Apps,570060128,Duolingo,"Duolingo, Inc",a669b0843879539a0cccc08870bf75308740a3b1,,60.241.152.192
1332525800,R5SH140LJHH,2015-05-22T23:52:21Z,Mac Apps,425264550,Blackmagic Disk Speed Test,Blackmagic Design Inc,94DE80C1CB0B,,60.241.152.192
1332525800,R5SH0HZQH67,2015-05-05T06:33:27Z,iOS and tvOS Apps,842842640,"Google Docs: Sync, Edit, Share",Google LLC,a669b0843879539a0cccc08870bf75308740a3b1,,101.171.170.141
1332525800,R5SGZJZ1GWQ,2015-04-08T11:36:54Z,iOS and tvOS Apps,523540409,Nearpod,NEARPOD INC,a669b0843879539a0cccc08870bf75308740a3b1,,60.240.11.31
1332525800,R5SGY4KX3VF,2015-02-25T20:28:01Z,iOS and tvOS Apps,726109472,TPG,TPG TELECOM LIMITED,a669b0843879539a0cccc08870bf75308740a3b1,,60.241.152.192
1332525800,R5SGXGKKX0V,2015-02-05T07:21:14Z,iOS and tvOS Apps,726879092,Body Chat,Hytto,a669b0843879539a0cccc08870bf75308740a3b1,,101.170.42.145
1332525800,R5SGXG7XTB5,2015-02-05T01:13:05Z,iOS and tvOS Apps,527588389,"GuitarTuna: Guitar, Bass tuner",Yousician Ltd,a669b0843879539a0cccc08870bf75308740a3b1,,101.170.42.145
1332525800,R5SGXDF1322,2015-02-03T04:23:58Z,iOS and tvOS Apps,691814685,Emergency +,National Triple Zero Awareness Work Group,a669b0843879539a0cccc08870bf75308740a3b1,,101.171.127.233
1332525800,R5SGWY7J6Z7,2015-01-19T00:33:37Z,iOS and tvOS Apps,388497605,Google Authenticator,Google LLC,a669b0843879539a0cccc08870bf75308740a3b1,,203.214.72.52
1332525800,R5SGWXTQKQV,2015-01-18T09:20:28Z,Mac Apps,926707738,Countdowns - with Widget,Martin Stemmle,94DE80C1CB0B,,203.214.72.52
1332525800,R5SGWXQWMN6,2015-01-18T06:29:58Z,iOS and tvOS Apps,382247064,Developer - Cheat Sheets & Swift Sandbox,qian guoqiang,a669b0843879539a0cccc08870bf75308740a3b1,,101.170.127.236
1332525800,R5SGWXQWJTV,2015-01-18T06:29:39Z,iOS and tvOS Apps,842849113,Google Sheets,Google LLC,a669b0843879539a0cccc08870bf75308740a3b1,,101.170.127.236
1332525800,R5SGWX14TJ6,2015-01-17T11:09:34Z,iOS and tvOS Apps,289559439,Yammer,Microsoft Corporation,a669b0843879539a0cccc08870bf75308740a3b1,,60.240.11.31
1332525800,R5SGWWVK152,2015-01-17T04:59:47Z,iOS and tvOS Apps,329541503,Geocaching®,Groundspeak Inc.,a669b0843879539a0cccc08870bf75308740a3b1,,60.240.11.31
1332525800,R5SGWM5HT04,2015-01-09T04:56:43Z,iOS and tvOS Apps,444578884,Stocard - Rewards Cards Wallet,Stocard GmbH,a669b0843879539a0cccc08870bf75308740a3b1,,101.170.170.140
1332525800,R5SGWM5H8TM,2015-01-09T04:55:50Z,iOS and tvOS Apps,448267836,Woolies - the fresh food people,Woolworths Group Limited,a669b0843879539a0cccc08870bf75308740a3b1,,101.170.170.140
1332525800,R5SGWM2DMMZ,2015-01-09T02:32:43Z,iOS and tvOS Apps,710017344,TMBank,Teachers Mutual Bank Limited,a669b0843879539a0cccc08870bf75308740a3b1,,129.180.91.170
1332525800,R5SGWKMN0GX,2015-01-07T05:59:13Z,iOS and tvOS Apps,543829966,Telstra 24x7,Telstra Corporation Ltd,a669b0843879539a0cccc08870bf75308740a3b1,,203.214.72.52
1332525800,R5SGV3H5FX3,2014-11-22T01:12:21Z,iOS and tvOS Apps,929346489,Dumb Ways to Die 2: The Games,Metro Trains Melbourne Pty Ltd,94DE80C1CB0B,,203.214.72.52
1332525800,R5SGSTZM3M1,2014-10-16T06:24:55Z,Mac Apps,845142834,GeoGebra Classic 5,"Internationales GeoGebra Institut, ""IGI""",94DE80C1CB0B,,203.214.72.52
1332525800,R5SGSTZLSF6,2014-10-16T06:24:26Z,iOS and tvOS Apps,687678494,GeoGebra Classic,"Internationales GeoGebra Institut, ""IGI""",94DE80C1CB0B,,203.214.72.52
1332525800,R5SGQ7D7LJ9,2014-09-03T08:56:05Z,iOS and tvOS Apps,500458758,Python 2 Programming Language,Megakey Trans,a669b0843879539a0cccc08870bf75308740a3b1,,203.214.72.52
1332525800,R5SGN4394G2,2014-07-22T05:02:34Z,iOS and tvOS Apps,863771826,My Standards,AUSTRALIAN INSTITUTE FOR TEACHING AND SCHOOL LEADERSHIP LIMITED,a669b0843879539a0cccc08870bf75308740a3b1,,129.180.166.5
1332525800,R5SGMN70Y8M,2014-07-04T06:01:46Z,iOS and tvOS Apps,495369748,Steam Mobile,Valve Corporation,a669b0843879539a0cccc08870bf75308740a3b1,,203.214.72.52
1332525800,R5SGMN6F6LN,2014-07-04T05:27:54Z,iOS and tvOS Apps,408597340,iiNet,iiNet Limited,a669b0843879539a0cccc08870bf75308740a3b1,,203.214.72.52
1332525800,R5SGMBL4VGG,2014-06-22T09:03:43Z,iOS and tvOS Apps,549402355,WedPics - Wedding Photo App,deja Mi,a669b0843879539a0cccc08870bf75308740a3b1,,60.240.11.31
1332525800,R5SGLWGSLLB,2014-06-02T13:54:50Z,iOS and tvOS Apps,401778175,ABC iview,Australian Broadcasting Corporation,a669b0843879539a0cccc08870bf75308740a3b1,,203.214.72.52
1332525800,R5SGJX8YKNL,2014-03-12T23:21:18Z,iOS and tvOS Apps,483336864,Quick Scan - QR Code Reader,iHandy Inc.,a669b0843879539a0cccc08870bf75308740a3b1,,129.180.173.108
1332525800,R5SGJN288FK,2014-03-03T21:21:31Z,iOS and tvOS Apps,607904602,French Girls - Be an artist or inspire artwork,"French Girls, Inc.",a669b0843879539a0cccc08870bf75308740a3b1,,203.214.72.52
1332525800,R5SGJK59XQV,2014-02-27T05:35:42Z,iOS and tvOS Apps,692035811,TeamViewer: Remote Control,TeamViewer GmbH,a669b0843879539a0cccc08870bf75308740a3b1,,203.214.72.52
1332525800,R5SGJK59HQZ,2014-02-27T05:34:27Z,iOS and tvOS Apps,357069581,TeamViewer for Remote Control,TeamViewer GmbH,a669b0843879539a0cccc08870bf75308740a3b1,,203.214.72.52
1332525800,R5SGJDK7YZD,2014-02-20T01:18:09Z,iOS and tvOS Apps,359916522,Storage Made Easy File Fabric,Jana Technology Services LTD,a669b0843879539a0cccc08870bf75308740a3b1,,129.180.169.238
1332525800,R5SGJ1YTMS5,2014-02-04T10:20:49Z,Mac Apps,428846772,Howler Timer,Stephen Lind,94DE80C1CB0B,,203.214.72.52
1332525800,R5SGJ1YTDW3,2014-02-04T10:20:03Z,Mac Apps,755731884,Alarm Clock,IAC Search & Media Europe Ltd.,94DE80C1CB0B,,203.214.72.52
1332525800,R5SGJ1YT6SK,2014-02-04T10:19:22Z,Mac Apps,630315610,Clock,Rolf H Jansen,94DE80C1CB0B,,203.214.72.52
1332525800,R5SGHZDHQGH,2014-01-31T05:58:59Z,iOS and tvOS Apps,296680488,Eternity Time Log Lite - Personal Timesheet,Marcin Komorek|220917017,a669b0843879539a0cccc08870bf75308740a3b1,,129.180.169.238
1332525800,R5SGHYLWG8F,2014-01-30T03:16:20Z,Mac Apps,681319280,Deer Hunter 2014,Glu Games Inc,94DE80C1CB0B,,203.214.72.52
1332525800,R5SGHYLW815,2014-01-30T03:15:49Z,Mac Apps,515318186,123D Make,Autodesk,94DE80C1CB0B,,203.214.72.52
1332525800,R5SGHVN20X6,2014-01-25T21:42:37Z,iOS and tvOS Apps,318696180,Public Transport Victoria app,Public Transport Development Authority,a669b0843879539a0cccc08870bf75308740a3b1,,49.183.239.26
1332525800,R5SGHVMZQVD,2014-01-25T21:36:28Z,iOS and tvOS Apps,380898971,Metlink Classic,Metlink Victoria Pty Ltd,a669b0843879539a0cccc08870bf75308740a3b1,,49.183.239.26
1332525800,R5SGHTGLM2X,2014-01-24T05:13:12Z,iOS and tvOS Apps,586765571,Instructables - DIY How To Make Instructions,Autodesk,a669b0843879539a0cccc08870bf75308740a3b1,,49.195.62.10
1332525800,R5SGHSYZKZM,2014-01-23T12:35:46Z,iOS and tvOS Apps,619867797,Receipts by Wave,Wave Financial Inc,a669b0843879539a0cccc08870bf75308740a3b1,,49.180.158.244
1332525800,R5SGHSYDXKM,2014-01-23T11:49:25Z,iOS and tvOS Apps,335703880,WordPress,"Automattic, Inc.",a669b0843879539a0cccc08870bf75308740a3b1,,49.180.158.244
1332525800,R5SGHGNH9J0,2014-01-09T00:04:22Z,iOS and tvOS Apps,685945448,New Scientist Australia,NEW SCIENTIST LIMITED,a669b0843879539a0cccc08870bf75308740a3b1,,203.214.72.52
1332525800,R5SGG8B65B3,2013-11-18T14:39:27Z,iOS and tvOS Apps,520480364,Official Kodi Remote,Giovanni Messina,a669b0843879539a0cccc08870bf75308740a3b1,,60.240.13.138
1332525800,R5SGF9V2LSK,2013-10-08T22:51:06Z,iOS and tvOS Apps,544149504,ABC listen,Australian Broadcasting Corporation,a669b0843879539a0cccc08870bf75308740a3b1,,60.240.13.138
1332525800,R5SGF9V2BXK,2013-10-08T22:50:26Z,iOS and tvOS Apps,306583229,ABC,Australian Broadcasting Corporation,a669b0843879539a0cccc08870bf75308740a3b1,,60.240.13.138
1332525800,R5SGF8L39GF,2013-10-07T05:00:15Z,iOS and tvOS Apps,576502633,Mailbox,"Dropbox, Inc.",a669b0843879539a0cccc08870bf75308740a3b1,,60.240.13.138
1332525800,R5SGDY7LK6S,2013-09-23T14:48:45Z,Mac Apps,566042322,123D Design,Autodesk,D49A20D6B93E,,60.240.13.138
1332525800,R5SGDFBLGKS,2013-08-30T14:20:13Z,Mac Apps,568494494,Pocket,"Read It Later, Inc",D49A20D6B93E,,60.240.13.138
1332525800,R5SGDBGS3F1,2013-08-26T11:27:00Z,iOS and tvOS Apps,498920728,UNESA Compass,Services UNE Ltd,a669b0843879539a0cccc08870bf75308740a3b1,,49.195.63.131
1332525800,R5SGDBD1HZH,2013-08-26T02:52:38Z,Mac Apps,663353077,Tutorial for Xcode Lite,Sprockit Apps Inc - CLOSED,D49A20D6B93E,,60.240.13.138
1332525800,R5SGDBD1HVG,2013-08-26T02:52:35Z,Mac Apps,497799835,Xcode,Apple Inc.,D49A20D6B93E,,60.240.13.138
1332525800,R5SGDBD146X,2013-08-26T02:50:55Z,Mac Apps,490152466,iBooks Author,Apple Inc.,D49A20D6B93E,,60.240.13.138
1332525800,R5SGD8KLDV9,2013-08-22T11:18:07Z,iOS and tvOS Apps,422689480,Gmail - Email by Google,Google LLC,a669b0843879539a0cccc08870bf75308740a3b1,,49.183.220.12
1332525800,R5SGBH2LLX4,2013-07-02T07:23:27Z,iOS and tvOS Apps,396069556,Feedly - Smart News Reader,Feedly Inc.,a669b0843879539a0cccc08870bf75308740a3b1,,60.240.13.138
1332525800,R5SG9X90TK6,2013-05-24T06:16:03Z,iOS and tvOS Apps,335445524,Backgammon ∙,Optime Software LLC,a669b0843879539a0cccc08870bf75308740a3b1,,60.240.13.138
1332525800,R5SG9TG0G50,2013-05-17T10:40:42Z,iOS and tvOS Apps,311395856,Chess ∙,Optime Software LLC,a669b0843879539a0cccc08870bf75308740a3b1,,49.176.129.101
1332525800,R5SG9HQ91YH,2013-04-29T13:51:02Z,Mac Apps,555391706,Casino Poker Manager,Flashlight Design Electronic Systems GmbH,D49A20D6B93E,,60.240.13.138
1332525800,R5SG93LXWJG,2013-04-03T05:06:44Z,iOS and tvOS Apps,384091752,Report-IT Enterprise Edition,Tieline Technology,a669b0843879539a0cccc08870bf75308740a3b1,,60.240.13.138
1332525800,R5SG8XX7FWD,2013-03-21T04:10:24Z,iOS and tvOS Apps,577283433,Service NSW,Service NSW,a669b0843879539a0cccc08870bf75308740a3b1,,60.240.13.138
1332525800,R5SG8LG074H,2013-03-02T02:26:32Z,iOS and tvOS Apps,560409890,Smart Tools Free,hanbat national university,a669b0843879539a0cccc08870bf75308740a3b1,,49.176.163.108
1332525800,R5SG82FNMFY,2013-01-27T02:35:56Z,iOS and tvOS Apps,514917848,Tiny Calendar,"Shanghai Fengge Information Technology Co., Ltd.",a669b0843879539a0cccc08870bf75308740a3b1,,49.176.162.76
1332525800,R5SG82F2H8J,2013-01-27T01:19:12Z,iOS and tvOS Apps,585027354,Google Maps - Transit & Food,Google LLC,a669b0843879539a0cccc08870bf75308740a3b1,,49.176.192.3
1332525800,R5SG81S1VZ7,2013-01-25T08:23:27Z,iOS and tvOS Apps,572395608,Temple Run 2,"Imangi Studios, LLC",a669b0843879539a0cccc08870bf75308740a3b1,,49.176.130.94
1332525800,R5SG7XJ941S,2013-01-14T04:52:11Z,iOS and tvOS Apps,380669300,Mendeley (PDF Reader),Elsevier Inc.,a669b0843879539a0cccc08870bf75308740a3b1,,129.180.163.11
1332525800,R5SG6VB814N,2012-11-04T02:27:42Z,iOS and tvOS Apps,400121928,Canon Lenses,John Gorman,a669b0843879539a0cccc08870bf75308740a3b1,,49.176.68.54
1332525800,R5SG6NG1Y4H,2012-10-25T02:50:21Z,iOS and tvOS Apps,507874739,Google Drive,Google LLC,a669b0843879539a0cccc08870bf75308740a3b1,,49.176.100.89
1332525800,R5SG6N1XDJ7,2012-10-24T02:41:43Z,iOS and tvOS Apps,544007664,"YouTube: Watch, Listen, Stream",Google LLC,a669b0843879539a0cccc08870bf75308740a3b1,,49.176.65.193
1332525800,R5SG68SD7K8,2012-09-26T12:23:12Z,iOS and tvOS Apps,300704847,Speedtest by Ookla,Ookla,a669b0843879539a0cccc08870bf75308740a3b1,,129.180.153.210
1332525800,R5SG682W31H,2012-09-25T02:19:24Z,iOS and tvOS Apps,466122094,Find My Friends,Apple Inc.,a669b0843879539a0cccc08870bf75308740a3b1,,129.180.163.11
1332525800,R5SG682W2TF,2012-09-25T02:19:22Z,iOS and tvOS Apps,525463029,Apple Podcasts,Apple Inc.,a669b0843879539a0cccc08870bf75308740a3b1,,129.180.163.11
1332525800,R5SG682W2KV,2012-09-25T02:19:21Z,iOS and tvOS Apps,490217893,iTunes U,Apple Inc.,a669b0843879539a0cccc08870bf75308740a3b1,,129.180.163.11
1332525800,R5SG67SJ68T,2012-09-24T09:51:34Z,iOS and tvOS Apps,469337564,Adobe Acrobat Reader for PDF,Adobe Inc.,a669b0843879539a0cccc08870bf75308740a3b1,,129.180.163.11
1332525800,R5SG5X85WXK,2012-08-27T00:46:05Z,iOS and tvOS Apps,512257148,UNEmobile,Cyon Knowledge Computing Pty. Ltd.,a669b0843879539a0cccc08870bf75308740a3b1,,49.176.98.239
1332525800,R5SG5X7Z4JB,2012-08-27T00:05:15Z,iOS and tvOS Apps,543093533,Express Plus Students,Australian Government Department of Human Services,a669b0843879539a0cccc08870bf75308740a3b1,,49.176.67.149
1332525800,R5SG5N916BH,2012-08-07T03:37:47Z,iOS and tvOS Apps,503716230,My Optus,Optus Mobile,a669b0843879539a0cccc08870bf75308740a3b1,,49.176.68.115
1332525800,R5SG5HWL44J,2012-07-24T01:34:27Z,iOS and tvOS Apps,478986342,Flashcards by NKO: Flash Cards,NKO Ventures LLC,a669b0843879539a0cccc08870bf75308740a3b1,,49.176.67.126
1332525800,R5SG5FDV3XW,2012-07-15T04:17:03Z,Mac Apps,409349978,Read Later - The best Client for Pocket and Instapaper,Michael Schneider|271499643,D49A20D6B93E,,129.180.149.209
1332525800,R5SG5D5KLQ9,2012-07-11T05:41:49Z,iOS and tvOS Apps,535886823,Google Chrome,Google LLC,a669b0843879539a0cccc08870bf75308740a3b1,,49.176.100.127
1332525800,R5SG59MSFZQ,2012-07-06T01:36:48Z,iOS and tvOS Apps,309601447,Pocket: Save. Read. Grow.,"Read It Later, Inc",a669b0843879539a0cccc08870bf75308740a3b1,,49.176.100.35
1332525800,R5SG4W8XHLY,2012-05-21T01:34:53Z,iOS and tvOS Apps,394259503,SMH,Fairfax Media Management Pty Ltd.,a669b0843879539a0cccc08870bf75308740a3b1,,129.180.166.201
1332525800,R5SG4MH8FHZ,2012-04-30T23:44:12Z,iOS and tvOS Apps,333903271,Twitter,"Twitter, Inc.",a669b0843879539a0cccc08870bf75308740a3b1,,129.180.166.201
1332525800,R5SG4MD9949,2012-04-30T15:48:29Z,iOS and tvOS Apps,426026150,TweetList for Twitter,"Zooble, LLC",a669b0843879539a0cccc08870bf75308740a3b1,,129.180.166.201
1332525800,R5SG4G7XG3B,2012-04-14T00:15:33Z,iOS and tvOS Apps,418987775,TuneIn - NFL Radio & Podcasts,TuneIn,a669b0843879539a0cccc08870bf75308740a3b1,,49.193.219.4
1332525800,R5SG48Q8FJ7,2012-03-31T03:34:31Z,iOS and tvOS Apps,482473443,Face Juggler Free,I THINK & DO LTD,a669b0843879539a0cccc08870bf75308740a3b1,,49.178.2.94
1332525800,R5SG463587T,2012-03-23T06:50:41Z,iOS and tvOS Apps,488628250,Draw Something Classic,"OMGPOP, Inc.",a669b0843879539a0cccc08870bf75308740a3b1,,49.178.5.174
1332525800,R5SG42KWJJG,2012-03-13T21:23:05Z,iOS and tvOS Apps,413264750,World's Greatest Shave,Design With Relish Pty Ltd & Mango Chutney Pty Ltd,a669b0843879539a0cccc08870bf75308740a3b1,,49.185.252.90
1332525800,R5SG3ZMFTGJ,2012-03-04T11:54:29Z,iOS and tvOS Apps,472303984,Quick Lapse HD,CodeCraft Technologies Private Limited,a669b0843879539a0cccc08870bf75308740a3b1,,129.180.165.186
1332525800,R5SG3YZMWHM,2012-03-02T03:54:07Z,iOS and tvOS Apps,468655017,Autodance 2014 by Just Dance,Ubisoft,a669b0843879539a0cccc08870bf75308740a3b1,,129.180.165.186
1332525800,R5SG3WYL1TY,2012-02-23T22:20:30Z,Mac Apps,413013033,BATTLE BEARS -1 Mac,SkyVu Inc.,D49A20D6B93E,,129.180.149.209
1332525800,R5SG3WQB1VL,2012-02-23T03:56:46Z,iOS and tvOS Apps,292223170,Map My Ride by Under Armour,"Under Armour, Inc.",a669b0843879539a0cccc08870bf75308740a3b1,,49.195.79.49
1332525800,R5SG3TWSZ22,2012-02-16T23:21:30Z,Mac Apps,492486856,MiniNote,FIPLAB Ltd,D49A20D6B93E,,129.180.149.209
1332525800,R5SG3TKTF4X,2012-02-16T00:52:57Z,iOS and tvOS Apps,297606951,Amazon - Shopping made easy,AMZN Mobile LLC,a669b0843879539a0cccc08870bf75308740a3b1,,1.43.154.151
1332525800,R5SG3NQYD5B,2012-02-06T00:33:13Z,iOS and tvOS Apps,311720817,True Local,TrueLocal,a669b0843879539a0cccc08870bf75308740a3b1,,49.199.186.154
1332525800,R5SG3NDV97G,2012-02-05T00:56:26Z,iOS and tvOS Apps,409060691,Weatherzone,The Weather Company Pty Ltd,a669b0843879539a0cccc08870bf75308740a3b1,,110.22.140.180
1332525800,R5SG3M259WZ,2012-01-31T12:49:04Z,iOS and tvOS Apps,355554941,SoundHound - Music Discovery,"SoundHound, Inc.",a669b0843879539a0cccc08870bf75308740a3b1,,175.33.224.190
1332525800,R5SG3L622VD,2012-01-28T11:42:49Z,iOS and tvOS Apps,368195233,"Books - 23,469 Classics To Go. The Ultimate Ebooks And Audiobooks Library","Digital Press Publishing, s.r.o.",a669b0843879539a0cccc08870bf75308740a3b1,,60.240.11.31
1332525800,R5SG3L3J8S6,2012-01-28T03:42:34Z,iOS and tvOS Apps,302584613,Amazon Kindle,AMZN Mobile LLC,a669b0843879539a0cccc08870bf75308740a3b1,,60.240.11.31
1332525800,R5SG3J3DG1N,2012-01-21T04:10:05Z,iOS and tvOS Apps,303688284,xkcd,"Paul Rehkugler, III",a669b0843879539a0cccc08870bf75308740a3b1,,49.179.110.198
1332525800,R5SG3HWZ21W,2012-01-20T12:58:29Z,iOS and tvOS Apps,469960709,Bejeweled Blitz,PopCap,a669b0843879539a0cccc08870bf75308740a3b1,,49.179.110.198
1332525800,R5SG3HHD1MW,2012-01-19T05:43:15Z,iOS and tvOS Apps,352791835,HeyTell,Voxilate,a669b0843879539a0cccc08870bf75308740a3b1,,1.41.199.140
1332525800,R5SG39QFV12,2012-01-02T13:22:23Z,iOS and tvOS Apps,412842333,Wimp.com - Family Friendly Videos,Wimp Inc.,a669b0843879539a0cccc08870bf75308740a3b1,,49.183.187.207
1332525800,R5SG39QB79Y,2012-01-02T13:02:21Z,iOS and tvOS Apps,407204621,Survival Guide,Max Soderstrom|297728803,a669b0843879539a0cccc08870bf75308740a3b1,,60.240.11.31
1332525800,R5SG39QB316,2012-01-02T13:01:13Z,iOS and tvOS Apps,376183339,TED,TED Conferences LLC,a669b0843879539a0cccc08870bf75308740a3b1,,60.240.11.31
1332525800,R5SG393Z557,2011-12-31T09:51:01Z,iOS and tvOS Apps,429412843,Dice,Benoît Layer,a669b0843879539a0cccc08870bf75308740a3b1,,60.229.177.234
1332525800,R5SG38HBSLT,2011-12-29T09:48:36Z,iOS and tvOS Apps,303114617,Receipts - Upload business expense reports to Dropbox and Evernote,Tidal Pool Software,a669b0843879539a0cccc08870bf75308740a3b1,,60.240.11.31
1332525800,R5SG38BG2S5,2011-12-28T23:04:35Z,Mac Apps,405399194,Kindle,AMZN Mobile LLC,D49A20D6B93E,,60.240.11.31
1332525800,R5SG37SXLLD,2011-12-27T05:06:29Z,iOS and tvOS Apps,454638411,Messenger,"Facebook, Inc.",a669b0843879539a0cccc08870bf75308740a3b1,,1.40.162.93
1332525800,R5SG37NTHQ2,2011-12-27T01:03:04Z,iOS and tvOS Apps,420009108,Temple Run,"Imangi Studios, LLC",a669b0843879539a0cccc08870bf75308740a3b1,,49.178.182.225
1332525800,R5SG36L8X4D,2011-12-24T05:28:39Z,iOS and tvOS Apps,324715238,Wikipedia,Wikimedia Foundation,a669b0843879539a0cccc08870bf75308740a3b1,,49.178.166.213
1332525800,R5SG35FL3BM,2011-12-21T14:24:30Z,iOS and tvOS Apps,432837906,CMG_Mobile,Regional Australia Bank Ltd,a669b0843879539a0cccc08870bf75308740a3b1,,60.240.11.31
1332525800,R5SG35FJWLZ,2011-12-21T14:19:51Z,iOS and tvOS Apps,288113403,iTranslate Translator,iTranslate GmbH,a669b0843879539a0cccc08870bf75308740a3b1,,60.240.11.31
1332525800,R5SG336J5VD,2011-12-16T06:59:27Z,iOS and tvOS Apps,330227154,My Account,Optus Mobile,a669b0843879539a0cccc08870bf75308740a3b1,,175.33.4.73
1332525800,R5SG326JMXM,2011-12-13T09:32:20Z,iOS and tvOS Apps,376101648,Find My iPhone,Apple Inc.,D49A20D6B93E,,1.152.190.155
1332525800,R5SG305Z6KQ,2011-12-07T13:26:40Z,iOS and tvOS Apps,282614216,eBay Shopping - Buy and Sell,eBay Inc.,a669b0843879539a0cccc08870bf75308740a3b1,,60.240.11.31
1332525800,R5SG2YSTS07,2011-12-02T23:08:28Z,iOS and tvOS Apps,481998883,NTE 2011,Delightful Apps PTY LTD,a669b0843879539a0cccc08870bf75308740a3b1,,1.42.154.115
1332525800,R5SG2S9YZWF,2011-11-15T13:31:48Z,iOS and tvOS Apps,326885152,Mad Libs,Pearson PLC,a669b0843879539a0cccc08870bf75308740a3b1,,129.180.165.186
1332525800,R5SG2KXDFZM,2011-11-01T22:24:43Z,iOS and tvOS Apps,384365348,iTorch Flashlight,Pixelinlove Ltd,a669b0843879539a0cccc08870bf75308740a3b1,,129.180.165.186
1332525800,R5SG2J00BKT,2011-10-27T22:41:13Z,iOS and tvOS Apps,327630330,Dropbox,"Dropbox, Inc.",a669b0843879539a0cccc08870bf75308740a3b1,,49.180.33.244
1332525800,R5SG2H8MWYX,2011-10-26T02:53:26Z,iOS and tvOS Apps,389801252,Instagram,"Instagram, Inc.",a669b0843879539a0cccc08870bf75308740a3b1,,1.41.116.237
1332525800,R5SG26SXKY3,2011-10-11T14:19:28Z,iOS and tvOS Apps,322993145,Mars Hill Church,Mars Hill Church,a669b0843879539a0cccc08870bf75308740a3b1,,1.40.203.99
1332525800,R5SG23451MJ,2011-09-30T13:38:36Z,iOS and tvOS Apps,341446764,Dragon Dictation,Nuance Communications,a669b0843879539a0cccc08870bf75308740a3b1,,129.180.165.186
1332525800,R5SG2012X3S,2011-09-19T09:07:39Z,Mac Apps,452884389,Wiki Reader,Andreas Prang,D49A20D6B93E,,60.240.11.31
1332525800,R5SG2012V3T,2011-09-19T09:06:51Z,Mac Apps,445248321,Count Run,Simon Klimek,D49A20D6B93E,,60.240.11.31
1332525800,R5SG1ZF9K9Z,2011-09-17T11:05:10Z,Mac Apps,432733183,Shadow Era,Kyle Poole,D49A20D6B93E,,60.240.11.31
1332525800,R5SG1SKJYV2,2011-08-28T14:20:55Z,Mac Apps,451424521,Rail Maze : Train puzzle,Spooky House Studios UG (haftungsbeschraenkt),D49A20D6B93E,,49.183.103.59
1332525800,R5SG1QVQ2ZS,2011-08-26T03:44:55Z,iOS and tvOS Apps,314894105,Documents Pro - Files Editor,Savy Soda Pty Ltd,a669b0843879539a0cccc08870bf75308740a3b1,,129.180.165.186
1332525800,R5SG1Q0GDM3,2011-08-23T04:55:47Z,iOS and tvOS Apps,306289289,Producteev by Jive - Task Management for Teams,Jive Software,a669b0843879539a0cccc08870bf75308740a3b1,,129.180.165.186
1332525800,R5SG1KXZ75D,2011-08-12T17:38:44Z,Mac Apps,450283360,Producteev by Jive - Task Management for Teams,Jive Software,D49A20D6B93E,,129.180.173.242
1332525800,R5SG1KXXZ0L,2011-08-12T17:31:41Z,Mac Apps,449711125,Tab for Google+,Chatsworth and Whitton Limited,D49A20D6B93E,,129.180.173.242
1332525800,R5SG1KXXSB0,2011-08-12T17:30:38Z,Mac Apps,447678864,SketchBook Copic Edition,Autodesk,D49A20D6B93E,,129.180.173.242
1332525800,R5SG18XW79V,2011-07-18T03:50:09Z,Mac Apps,448125889,Mechanical Clock 3D Lite,Igor Panichev,D49A20D6B93E,,60.240.11.31
1332525800,R5SG18XVZLB,2011-07-18T03:48:13Z,Mac Apps,411246225,Caffeine,Lighthead Software,D49A20D6B93E,,60.240.11.31
1332525800,R5SG18XVL7J,2011-07-18T03:45:33Z,Mac Apps,417602904,CloudApp - Screen Recorder,Linebreak SL,D49A20D6B93E,,60.240.11.31
1332525800,R5SG18XVBGY,2011-07-18T03:43:47Z,Mac Apps,420422934,Facebox Pro for Facebook,Zentertain Ltd.,D49A20D6B93E,,60.240.11.31
1332525800,R5SG16BNZS4,2011-07-08T01:01:00Z,iOS and tvOS Apps,338612845,Whirly Word (Free),Red Key Software Corporation,a669b0843879539a0cccc08870bf75308740a3b1,,49.185.52.12
1332525800,R5SG1639JJ8,2011-07-06T23:16:44Z,iOS and tvOS Apps,341046078,PocketSword,Nic Carter,a669b0843879539a0cccc08870bf75308740a3b1,,49.176.32.169
1332525800,R5SG133JLMY,2011-06-25T13:40:40Z,Mac Apps,409250811,Master of Gomoku Free,SAM L DENHARTOG,D49A20D6B93E,,60.240.11.31
1332525800,R5SG10NJBS4,2011-06-16T03:59:22Z,Mac Apps,410628904,Wunderlist: To-Do List & Tasks,6 Wunderkinder GmbH,D49A20D6B93E,,129.180.173.242
1332525800,R5SG0XZ4X4K,2011-06-05T10:16:01Z,iOS and tvOS Apps,292538570,Lux Touch 3 - World Domination,Sillysoft Games,a669b0843879539a0cccc08870bf75308740a3b1,,49.182.171.226
1332525800,R5SG0WQ58MQ,2011-05-31T04:04:13Z,Mac Apps,427157740,Stripe Physics,Smackall Games,D49A20D6B93E,,129.180.173.242
1332525800,R5SG0Q2S0L9,2011-05-13T01:41:25Z,iOS and tvOS Apps,323887414,StudyBlue,"StudyBlue, Inc.",a669b0843879539a0cccc08870bf75308740a3b1,,129.180.165.186
1332525800,R5SG0Q2KY5X,2011-05-13T01:16:00Z,Mac Apps,413662017,iProcrastinate,Craig Otis,D49A20D6B93E,,129.180.173.242
1332525800,R5SG0MSFL51,2011-05-07T12:40:51Z,iOS and tvOS Apps,381260755,Ebook Reader,Ebooks.com Limited,a669b0843879539a0cccc08870bf75308740a3b1,,60.240.11.31
1332525800,R5SG0K93L8M,2011-04-27T05:45:08Z,iOS and tvOS Apps,397348011,RSA Vision,Torchbox Ltd,a669b0843879539a0cccc08870bf75308740a3b1,,60.240.11.31
1332525800,R5SG0H29DTT,2011-04-19T05:18:57Z,iOS and tvOS Apps,329875377,ClearScan Live,Belkin,a669b0843879539a0cccc08870bf75308740a3b1,,49.180.89.135
1332525800,R5SG0GMS8T1,2011-04-17T11:49:52Z,iOS and tvOS Apps,332064280,Alarm Clock - Alarm & Weather,iHandy Inc.,a669b0843879539a0cccc08870bf75308740a3b1,,60.240.11.31
1332525800,R5SG0GMQTJ9,2011-04-17T11:45:38Z,iOS and tvOS Apps,305793334,Planets,Dana Peters,a669b0843879539a0cccc08870bf75308740a3b1,,60.240.11.31
1332525800,R5SG0B0JVQ5,2011-04-02T01:47:07Z,Mac Apps,402397683,MindNode Lite,IdeasOnCanvas GmbH,D49A20D6B93E,,129.180.175.199
1332525800,R5SG09ZXJ47,2011-04-01T23:42:44Z,iOS and tvOS Apps,356395556,Mobile Mouse Remote (Free),"RPA Tech, INC",a669b0843879539a0cccc08870bf75308740a3b1,,129.180.165.186
1332525800,R5SG09XHZWW,2011-04-01T15:58:19Z,Mac Apps,409373201,Master Minesweeper Free,SAM L DENHARTOG,D49A20D6B93E,,129.180.175.199
1332525800,R5SG09XHVB9,2011-04-01T15:57:09Z,Mac Apps,421917354,Plobb!,Nothing AG,D49A20D6B93E,,129.180.175.199
1332525800,R5SG09XHBZH,2011-04-01T15:54:03Z,Mac Apps,423123087,UnPlugged,Karsten Kusche,D49A20D6B93E,,129.180.175.199
1332525800,R5SG09XGTQM,2011-04-01T15:50:08Z,Mac Apps,423642946,FlashBox,Zispy Enterprises LLC,D49A20D6B93E,,129.180.175.199
1332525800,R5SG09XG54L,2011-04-01T15:45:48Z,Mac Apps,416446834,Tunes Remote Desktop,De Voorkant,D49A20D6B93E,,129.180.175.199
1332525800,R5SG09XF3DK,2011-04-01T15:38:33Z,Mac Apps,423563219,Buka,David Peroutka|297982390,D49A20D6B93E,,129.180.175.199
1332525800,R5SG09X9Z9K,2011-04-01T15:24:19Z,Mac Apps,405843582,Alfred,Running with Crayons Ltd,D49A20D6B93E,,129.180.175.199
1332525800,R5SG09X98GV,2011-04-01T15:19:57Z,Mac Apps,412056820,Trillian,"Cerulean Studios, LLC",D49A20D6B93E,,129.180.175.199
1332525800,R5SG09X7JVH,2011-04-01T15:08:20Z,Mac Apps,412814284,Mobile Mouse Server,"RPA Tech, INC",D49A20D6B93E,,129.180.175.199
1332525800,R5SG09X7185,2011-04-01T15:04:53Z,Mac Apps,406787445,Hedgewars,Anton Malmygin,D49A20D6B93E,,129.180.175.199
1332525800,R5SG09X6WVG,2011-04-01T15:03:49Z,Mac Apps,414958532,Bubble Explode,Spooky House Studios UG (haftungsbeschraenkt),D49A20D6B93E,,129.180.175.199
1332525800,R5SG09X3D0L,2011-04-01T14:40:24Z,Mac Apps,414165677,Social Tab for Facebook,Blue Hawk Solutions Inc.,D49A20D6B93E,,129.180.175.199
1332525800,R5SG09X32DV,2011-04-01T14:38:20Z,iOS and tvOS Apps,417974567,Holes and Balls,Tasmanic Editions,D49A20D6B93E,,129.180.175.199
1332525800,R5SG09X3186,2011-04-01T14:38:04Z,iOS and tvOS Apps,381581095,World Explorer - Tour guide,Tasmanic Editions,D49A20D6B93E,,129.180.175.199
1332525800,R5SG09X2WYK,2011-04-01T14:37:06Z,Mac Apps,422302958,WiFi Analyzer,The Zimmerman Agency,D49A20D6B93E,,129.180.175.199
1332525800,R5SG09X2TTV,2011-04-01T14:36:34Z,Mac Apps,414872849,World Explorer - Travel guide,Tasmanic Editions,D49A20D6B93E,,129.180.175.199
1332525800,R5SG07KDYLX,2011-03-23T10:09:21Z,iOS and tvOS Apps,322001850,Resistor Color Code,Nathan Powelson,a669b0843879539a0cccc08870bf75308740a3b1,,129.180.165.186
1332525800,R5SG04KV369,2011-03-11T12:37:47Z,iOS and tvOS Apps,405235483,Inception - The App,"Remote Control Productions, Inc",a669b0843879539a0cccc08870bf75308740a3b1,,129.180.165.186
1332525800,R5SG04KTSKT,2011-03-11T12:34:51Z,iOS and tvOS Apps,308252501,FreeMindLite,Yonglei Zhang,a669b0843879539a0cccc08870bf75308740a3b1,,129.180.165.186
1332525800,R5SG03Q3L3X,2011-03-07T11:48:47Z,iOS and tvOS Apps,377672876,Genius Scan - PDF Scanner,The Grizzly Labs,a669b0843879539a0cccc08870bf75308740a3b1,,129.180.165.186
1332525800,R5SG03HH4FL,2011-03-06T14:19:16Z,iOS and tvOS Apps,281796108,Evernote,Evernote,a669b0843879539a0cccc08870bf75308740a3b1,,129.180.165.186
1332525800,R5SG00515BX,2011-02-19T23:38:09Z,iOS and tvOS Apps,285702231,Crossword Light,"Stand Alone, Inc.",a669b0843879539a0cccc08870bf75308740a3b1,,49.186.162.48
1332525800,R5SG004GTB0,2011-02-19T21:58:42Z,iOS and tvOS Apps,305309870,Chess - Learn Chess,Tom Kerrigan,a669b0843879539a0cccc08870bf75308740a3b1,,49.186.162.48
1332525800,R5SFZVHN9HF,2011-01-31T04:01:40Z,iOS and tvOS Apps,304878510,Skype for iPhone,Skype Communications S.a.r.l,a669b0843879539a0cccc08870bf75308740a3b1,,49.177.178.167
1332525800,R5SFZLQ5BSM,2011-01-06T03:30:50Z,iOS and tvOS Apps,390328281,Cricket LIVE Australia,Vodafone Hutchison Australia Pty Limited,a669b0843879539a0cccc08870bf75308740a3b1,,60.240.11.31
1332525800,R5SFZJ6BSQV,2010-12-27T12:47:36Z,iOS and tvOS Apps,337386542,Birthday Reminders! (for Facebook and Address Book),"Matrigistics, Inc.",a669b0843879539a0cccc08870bf75308740a3b1,,175.34.187.71
1332525800,R5SFZGBGY52,2010-12-21T23:50:37Z,iOS and tvOS Apps,398863958,E-Reminder - Easy & Efficient Reminders & ToDo List,"Xi'an Button Software Technology Co., Ltd.",a669b0843879539a0cccc08870bf75308740a3b1,,1.43.98.250
1332525800,R5SFZ4JHLD0,2010-11-14T01:49:35Z,iOS and tvOS Apps,386644958,Pocket Frogs,NimbleBit LLC,df42d83d7139fedca266ca282334859e6ef4c47e,,60.240.11.31
1332525800,R5SFYS1LLJ7,2010-09-18T10:25:42Z,iOS and tvOS Apps,387892553,Knots Guide,Max Soderstrom|297728803,df42d83d7139fedca266ca282334859e6ef4c47e,,60.240.11.31
1332525800,R5SFYS1LF3X,2010-09-18T10:23:26Z,iOS and tvOS Apps,352467249,"55,000 Amazing Quotes",Khalil SLIMI,df42d83d7139fedca266ca282334859e6ef4c47e,,60.240.11.31
1332525800,R5SFYS1L2XM,2010-09-18T10:19:14Z,iOS and tvOS Apps,364709193,Apple Books,Apple Inc.,df42d83d7139fedca266ca282334859e6ef4c47e,,60.240.11.31
1332525800,R5SFYS1KV7J,2010-09-18T10:15:53Z,iOS and tvOS Apps,370531520,USB Disk SE,Imesart S.a.r.l.,df42d83d7139fedca266ca282334859e6ef4c47e,,60.240.11.31
1332525800,R5SFYLK6N4Z,2010-08-30T12:32:41Z,iOS and tvOS Apps,306310789,Wattpad,Wattpad Corp,df42d83d7139fedca266ca282334859e6ef4c47e,,60.240.11.31
1332525800,R5SFYK15YTM,2010-08-23T05:11:02Z,iOS and tvOS Apps,308750436,Dictionary.com: English Words,"Dictionary.com, LLC",df42d83d7139fedca266ca282334859e6ef4c47e,,129.180.1.224
1332525800,R5SFYB3HJV8,2010-07-26T04:18:07Z,iOS and tvOS Apps,318095638,Errands To-Do List,David Mandell,df42d83d7139fedca266ca282334859e6ef4c47e,,129.180.1.224
1332525800,R5SFY4TTBZ8,2010-07-03T00:36:12Z,iOS and tvOS Apps,377202623,Iron Man 2 LITE,Gameloft,df42d83d7139fedca266ca282334859e6ef4c47e,,60.240.11.31
1332525800,R5SFY4TT6GD,2010-07-03T00:35:14Z,iOS and tvOS Apps,347935503,World’s Hardest Game  LITE - AddictingGames,Viacom International Inc.,df42d83d7139fedca266ca282334859e6ef4c47e,,60.240.11.31
1332525800,R5SFY4TT40S,2010-07-03T00:34:42Z,iOS and tvOS Apps,297558390,TapDefense,"LL Group, LLC",df42d83d7139fedca266ca282334859e6ef4c47e,,60.240.11.31
1332525800,R5SFY4TSZX9,2010-07-03T00:33:49Z,iOS and tvOS Apps,338734939,i Fishing Saltwater Lite,Chris Egerter,df42d83d7139fedca266ca282334859e6ef4c47e,,60.240.11.31
1332525800,R5SFY4TSVQS,2010-07-03T00:32:56Z,iOS and tvOS Apps,376616787,Super Streaker,Nemoid Studio,df42d83d7139fedca266ca282334859e6ef4c47e,,60.240.11.31
1332525800,R5SFY4TSQ9W,2010-07-03T00:32:10Z,iOS and tvOS Apps,335374306,Big Buck Hunter Pro,"Super Happy Fun Fun, Inc.",df42d83d7139fedca266ca282334859e6ef4c47e,,60.240.11.31
1332525800,R5SFY4TSLZ8,2010-07-03T00:31:38Z,iOS and tvOS Apps,367278345,Finger Basketball,WANG YUJIN,df42d83d7139fedca266ca282334859e6ef4c47e,,60.240.11.31
1332525800,R5SFY4TSJFZ,2010-07-03T00:31:05Z,iOS and tvOS Apps,319037824,Dirt Moto Racing,Dohi Sweden AB,df42d83d7139fedca266ca282334859e6ef4c47e,,60.240.11.31
1332525800,R5SFY4TSF4V,2010-07-03T00:30:25Z,iOS and tvOS Apps,342737000,Warships,Edovia Inc.,df42d83d7139fedca266ca282334859e6ef4c47e,,60.240.11.31
1332525800,R5SFY4TQZZH,2010-07-03T00:27:46Z,iOS and tvOS Apps,350072786,You Vs Wall,Savy Soda Pty Ltd,df42d83d7139fedca266ca282334859e6ef4c47e,,60.240.11.31
1332525800,R5SFY4TQ72X,2010-07-03T00:23:16Z,iOS and tvOS Apps,340739833,StickBo,"Lake Effect Applications, LLC",df42d83d7139fedca266ca282334859e6ef4c47e,,60.240.11.31
1332525800,R5SFY4TQ4Q7,2010-07-03T00:22:43Z,iOS and tvOS Apps,359632759,Stickman : Summer Games Lite,Djinnworks GmbH,df42d83d7139fedca266ca282334859e6ef4c47e,,60.240.11.31
1332525800,R5SFY4TNQWK,2010-07-03T00:20:04Z,iOS and tvOS Apps,333277475,Stick-Fu Lite,Chillingo Ltd,df42d83d7139fedca266ca282334859e6ef4c47e,,60.240.11.31
1332525800,R5SFY4TNGY3,2010-07-03T00:18:29Z,iOS and tvOS Apps,323816458,Flick Cricket,Glenn Noy,df42d83d7139fedca266ca282334859e6ef4c47e,,60.240.11.31
1332525800,R5SFY4TNBGF,2010-07-03T00:17:44Z,iOS and tvOS Apps,326916014,Tap Tap Revenge 3,"Tapulous, Inc.",df42d83d7139fedca266ca282334859e6ef4c47e,,60.240.11.31
1332525800,R5SFY4TN7VS,2010-07-03T00:17:10Z,iOS and tvOS Apps,369004224,Hotshot Free,"Freeverse, Inc.",df42d83d7139fedca266ca282334859e6ef4c47e,,60.240.11.31
1332525800,R5SFY4TMH39,2010-07-03T00:12:29Z,iOS and tvOS Apps,375562663,FarmVille by Zynga,Zynga Inc.,df42d83d7139fedca266ca282334859e6ef4c47e,,60.240.11.31
1332525800,R5SFY4TM9QH,2010-07-03T00:11:35Z,iOS and tvOS Apps,364365478,Sketch Me!,Bluebear Technologies Ltd.,df42d83d7139fedca266ca282334859e6ef4c47e,,60.240.11.31
1332525800,R5SFY4TK616,2010-07-02T23:58:40Z,iOS and tvOS Apps,330977951,Rope'n'Fly 2 Lite,Djinnworks GmbH,df42d83d7139fedca266ca282334859e6ef4c47e,,60.240.11.31
1332525800,R5SFY4K04VY,2010-07-02T03:42:29Z,iOS and tvOS Apps,377851369,"Spawn Glow FREE (Art, Fireworks and Light-Show)",Elements of Design LLC,df42d83d7139fedca266ca282334859e6ef4c47e,,60.240.11.31
1332525800,R5SFY4JM390,2010-07-02T02:45:47Z,iOS and tvOS Apps,324999292,Sheep Launcher Free!,Atomic Bullfrog LLC,df42d83d7139fedca266ca282334859e6ef4c47e,,60.240.11.31
1332525800,R5SFY3S6XGG,2010-06-29T00:17:59Z,iOS and tvOS Apps,314428024,Goaaal!™ Soccer – The Classic Kicking Game in 3D,"Skyworks Interactive, Inc.",df42d83d7139fedca266ca282334859e6ef4c47e,,60.240.11.31
1332525800,R5SFY3S6MNL,2010-06-29T00:16:06Z,iOS and tvOS Apps,378069396,Beached,Matt Hnatojko,df42d83d7139fedca266ca282334859e6ef4c47e,,60.240.11.31
1332525800,R5SFY3S6LJ9,2010-06-29T00:15:48Z,iOS and tvOS Apps,377718514,Rollercoaster Extreme,Dare Digital Ltd,df42d83d7139fedca266ca282334859e6ef4c47e,,60.240.11.31
1332525800,R5SFY3S6B7H,2010-06-29T00:13:48Z,iOS and tvOS Apps,368670751,Stickman Skater Free,Turbo Chilli Pty Ltd trading as Traction Games,df42d83d7139fedca266ca282334859e6ef4c47e,,60.240.11.31
1332525800,R5SFY3S683M,2010-06-29T00:13:15Z,iOS and tvOS Apps,338633419,Flick Kick Rugby,Prodigy Design Limited T/A Sidhe Interactive,df42d83d7139fedca266ca282334859e6ef4c47e,,60.240.11.31
1332525800,R5SFY3D9WMF,2010-06-27T11:52:43Z,iOS and tvOS Apps,314467592,Rollercoaster Rush FREE,"RockYou, Inc.",df42d83d7139fedca266ca282334859e6ef4c47e,,60.240.11.31
1332525800,R5SFY31J7W6,2010-06-26T01:22:41Z,iOS and tvOS Apps,361323921,Skate It by EA FREE (International),EA Swiss Sarl,df42d83d7139fedca266ca282334859e6ef4c47e,,60.240.11.31
1332525800,R5SFY31J5FS,2010-06-26T01:22:07Z,iOS and tvOS Apps,359772949,World War™ - 21 Honor Points,Storm8 LLC,df42d83d7139fedca266ca282334859e6ef4c47e,,60.240.11.31
1332525800,R5SFY31J2HW,2010-06-26T01:21:26Z,iOS and tvOS Apps,326630627,Vuvuzela™ 2012,moblio.nl B.V.,df42d83d7139fedca266ca282334859e6ef4c47e,,60.240.11.31
1332525800,R5SFY31J11H,2010-06-26T01:21:03Z,iOS and tvOS Apps,376196406,Windows Live Messenger,Microsoft Corporation,df42d83d7139fedca266ca282334859e6ef4c47e,,60.240.11.31
1332525800,R5SFY31HQZQ,2010-06-26T01:19:04Z,iOS and tvOS Apps,368749678,Chop Chop Tennis,Gamerizon,df42d83d7139fedca266ca282334859e6ef4c47e,,60.240.11.31
1332525800,R5SFY2X83HS,2010-06-25T12:43:45Z,iOS and tvOS Apps,341828974,Miami Pro Football Quiz,"Purple Penguin.com, Inc. (CLOSED)",df42d83d7139fedca266ca282334859e6ef4c47e,,60.240.11.31
1332525800,R5SFY2K5MG1,2010-06-24T07:31:33Z,iOS and tvOS Apps,338348877,Runway Free,Rahul Biswas,df42d83d7139fedca266ca282334859e6ef4c47e,,60.240.11.31
1332525800,R5SFY28QJTL,2010-06-23T08:01:13Z,iOS and tvOS Apps,364355046,Froggy Jump,Invictus Games Ltd.,df42d83d7139fedca266ca282334859e6ef4c47e,,60.240.11.31
1332525800,R5SFY1V0VX8,2010-06-21T12:42:51Z,iOS and tvOS Apps,320791954,Assassin’s Creed Altaïr’s Chronicles Free!,Gameloft,df42d83d7139fedca266ca282334859e6ef4c47e,,60.240.11.31
1332525800,R5SFY1V0MLG,2010-06-21T12:40:56Z,iOS and tvOS Apps,300289297,Finger Sprint Free,Robbie Powles,df42d83d7139fedca266ca282334859e6ef4c47e,,60.240.11.31
1332525800,R5SFY1V0DB1,2010-06-21T12:38:13Z,iOS and tvOS Apps,348317997,2DayFM,SCA Digital Pty Ltd,df42d83d7139fedca266ca282334859e6ef4c47e,,60.240.11.31
1332525800,R5SFY1V07BN,2010-06-21T12:36:49Z,iOS and tvOS Apps,284993459,Shazam,Shazam Entertainment Limited,df42d83d7139fedca266ca282334859e6ef4c47e,,60.240.11.31
1332525800,R5SFY1TZ44G,2010-06-21T12:26:05Z,iOS and tvOS Apps,355009133,Parachute Ninja Free,"Freeverse, Inc.",df42d83d7139fedca266ca282334859e6ef4c47e,,60.240.11.31
1332525800,R5SFY1TQ99J,2010-06-21T11:08:04Z,iOS and tvOS Apps,358361130,Footy Flick Classic,Minicades Mobile Pty Ltd,df42d83d7139fedca266ca282334859e6ef4c47e,,60.240.11.31
1332525800,R5SFY1TQ61G,2010-06-21T11:06:30Z,iOS and tvOS Apps,317389691,2XL Supercross Lite,"2XL Games, Inc.",df42d83d7139fedca266ca282334859e6ef4c47e,,60.240.11.31
1332525800,R5SFY1TQ45J,2010-06-21T11:05:40Z,iOS and tvOS Apps,314811232,Spin the Ball (FREE),Small Success LLC,df42d83d7139fedca266ca282334859e6ef4c47e,,60.240.11.31
1332525800,R5SFY1TNZZ6,2010-06-21T11:03:54Z,iOS and tvOS Apps,304932299,Tower Bloxx Deluxe 3D FREE,"RockYou, Inc.",df42d83d7139fedca266ca282334859e6ef4c47e,,60.240.11.31
1332525800,R5SFXJXY79X,2010-04-05T00:46:14Z,iOS and tvOS Apps,343209380,Spearfishing 3D,Sparkin' Apps LTD,df42d83d7139fedca266ca282334859e6ef4c47e,,"60.240.11.31   "
1332525800,R5SFXJXY2S6,2010-04-05T00:44:55Z,iOS and tvOS Apps,348839552,Tap Tap Ants,Rise Up Labs,df42d83d7139fedca266ca282334859e6ef4c47e,,"60.240.11.31   "
1332525800,R5SFXJXXZG9,2010-04-05T00:43:59Z,iOS and tvOS Apps,339440515,Voice Changer Plus,Arf Software Inc.,df42d83d7139fedca266ca282334859e6ef4c47e,,"60.240.11.31   "
1332525800,R5SFXJST816,2010-04-04T08:37:37Z,iOS and tvOS Apps,311671506,iDaft 2,Samuel Vermette,df42d83d7139fedca266ca282334859e6ef4c47e,,"60.240.11.31   "
1332525800,R5SFXJSSWN5,2010-04-04T08:32:35Z,iOS and tvOS Apps,321960937,Shave Me!,Metaversal Studios,df42d83d7139fedca266ca282334859e6ef4c47e,,"60.240.11.31   "
1332525800,R5SFXJSSLDD,2010-04-04T08:29:24Z,iOS and tvOS Apps,322397049,FaceGoo Lite,Springy LLC,df42d83d7139fedca266ca282334859e6ef4c47e,,"60.240.11.31   "
1332525800,R5SFXJSS2N6,2010-04-04T08:22:36Z,iOS and tvOS Apps,354139923,Angry Birds Lite,Clickgamer Technologies Ltd (CLOSED due to REFUND),df42d83d7139fedca266ca282334859e6ef4c47e,,"60.240.11.31   "
1332525800,R5SFXJS5K60,2010-04-04T05:12:20Z,iOS and tvOS Apps,329559046,Pimple Popper Lite,Room Candy Games,df42d83d7139fedca266ca282334859e6ef4c47e,,"60.240.11.31   "
1332525800,R5SFXJS57F5,2010-04-04T05:09:00Z,iOS and tvOS Apps,324316024,Mirror Mirror (FREE),"U.S. Robots and Mechanical Men, Inc.",df42d83d7139fedca266ca282334859e6ef4c47e,,"60.240.11.31   "
1332525800,R5SFXJS4WDQ,2010-04-04T05:04:56Z,iOS and tvOS Apps,322423174,Traffic Rush,Donut Games,df42d83d7139fedca266ca282334859e6ef4c47e,,"60.240.11.31   "
1332525800,R5SFXJS4KXT,2010-04-04T05:02:01Z,iOS and tvOS Apps,344480202,RunStickRun! Lite,Djinnworks GmbH,df42d83d7139fedca266ca282334859e6ef4c47e,,"60.240.11.31   "
1332525800,R5SFXJS42KJ,2010-04-04T04:56:41Z,iOS and tvOS Apps,337457680,Monkey Kick Off,Miniclip SA,df42d83d7139fedca266ca282334859e6ef4c47e,,"60.240.11.31   "
1332525800,R5SFXJS3GXN,2010-04-04T04:50:51Z,iOS and tvOS Apps,359087900,iSniper 3D Free,Triniti Interactive Limited,df42d83d7139fedca266ca282334859e6ef4c47e,,"60.240.11.31   "
1332525800,R5SFX9M1ZB8,2010-02-28T06:34:10Z,iOS and tvOS Apps,300868307,Mancala FS5,"FlipSide5, Inc.",D49A20D6B93E,,"129.180.1.224  "
1332525800,R5SFX9M1TY3,2010-02-28T06:32:07Z,iOS and tvOS Apps,294664915,Checkers ・,Optime Software LLC,D49A20D6B93E,,"129.180.1.224  "
1332525800,R5SFX9M1SW1,2010-02-28T06:31:38Z,iOS and tvOS Apps,348787472,Minesweeper Classic 2,"The Solitaire, Mahjong and Sudoku Company, LLC.",D49A20D6B93E,,"129.180.1.224  "
1332525800,R5SFX9M1M48,2010-02-28T06:29:51Z,iOS and tvOS Apps,293335012,Touch4: FS5 (FREE),"FlipSide5, Inc.",D49A20D6B93E,,"129.180.1.224  "
1332525800,R5SFX9M1LG1,2010-02-28T06:29:32Z,iOS and tvOS Apps,321916506,Words With Friends Classic,Zynga Mobile,D49A20D6B93E,,"129.180.1.224  "
1332525800,R5SFX8BTQKZ,2010-02-21T03:08:43Z,iOS and tvOS Apps,284945681,Solitaire card games free cell,Kirill Shishkin,df42d83d7139fedca266ca282334859e6ef4c47e,,"60.240.11.31   "
1332525800,R5SFX8BSFNW,2010-02-21T02:57:06Z,iOS and tvOS Apps,312756358,Math Ref Lite,"Happy Maau Studios, LLC",df42d83d7139fedca266ca282334859e6ef4c47e,,"60.240.11.31   "
1332525800,R5SFX86N1SG,2010-02-20T11:39:37Z,iOS and tvOS Apps,331760591,Concordance,Matthew S.,df42d83d7139fedca266ca282334859e6ef4c47e,,"60.240.11.31   "
1332525800,R5SFX86MF2K,2010-02-20T11:32:26Z,iOS and tvOS Apps,282935706,Bible,Life.Church,df42d83d7139fedca266ca282334859e6ef4c47e,,"60.240.11.31   "
1332525800,R5SFX86LZQ4,2010-02-20T11:27:38Z,iOS and tvOS Apps,297645455,Toobz-Free,Jason Haslup|17601813,df42d83d7139fedca266ca282334859e6ef4c47e,,"60.240.11.31   "
1332525800,R5SFX568344,2010-02-03T23:39:06Z,iOS and tvOS Apps,348837629,Combat Shotgun 3D FREE - GUNCLUB EDITION,GUN CLUB STUDIOS PTY LTD,df42d83d7139fedca266ca282334859e6ef4c47e,,"60.240.11.31   "
1332525800,R5SFX567L44,2010-02-03T23:33:12Z,iOS and tvOS Apps,283265667,Lightsaber Unleashed,Alex Price,df42d83d7139fedca266ca282334859e6ef4c47e,,"60.240.11.31   "
1332525800,R5SFX567F8H,2010-02-03T23:31:23Z,iOS and tvOS Apps,284882215,Facebook,"Facebook, Inc.",df42d83d7139fedca266ca282334859e6ef4c47e,,"60.240.11.31   "
1332525800,R5SFX545JD2,2010-02-03T12:57:28Z,iOS and tvOS Apps,305713066,Wooden Labyrinth 3D Free,Elias Pietila|148197473,df42d83d7139fedca266ca282334859e6ef4c47e,,"60.240.11.31   "
1332525800,R5SFX540K46,2010-02-03T11:47:12Z,iOS and tvOS Apps,285755462,Sudoku (Free),Red Key Software Corporation,df42d83d7139fedca266ca282334859e6ef4c47e,,"60.240.11.31   "
1332525800,R5SFX5400KG,2010-02-03T11:39:00Z,iOS and tvOS Apps,346453382,Glow Hockey 2L,Natenai Ariyatrakool,df42d83d7139fedca266ca282334859e6ef4c47e,,"60.240.11.31   "
1332525800,R5SFX53ZJXZ,2010-02-03T11:32:04Z,iOS and tvOS Apps,317917431,Paper Toss,Backflip Studios,df42d83d7139fedca266ca282334859e6ef4c47e,,"60.240.11.31   "
