Apple ID Number,Item Purchased Date,Content Type,Item Reference Number,Item Description,Seller,Container Reference Number,Container Description,Invoice Item Total,Device Identifier,Device Details,Device IP Address,Refund Amount,Document Number,Invoice Date,Invoice Tax Amount,Invoice Total Amount,Purchase Created Date,Order Number,Billing Information ID,Payment Type,Currency ID,Purchase Chargeback?
1332525800,2019-12-05T03:00:13Z,iCloud Storage Subscriptions,916860110,50GB,Apple Inc.,,,$1.49,f19c85b449b46fd3c24327f8d53689bd70cb4d7a,"com.apple.Preferences/1 iOS/10.3.3 model/iPhone6,1 hwp/s5l8960x build/14G60 (6; dt:89) CastleSettings/1.0",121.216.0.104,,174305925032,12/05/2019,$0.14,$1.49,2019-12-05T03:00:13Z,MMQ239BX77,210000243761002,PayPal,AUD,No
1332525800,2019-11-05T02:59:44Z,iCloud Storage Subscriptions,916860110,50GB,Apple Inc.,,,$1.49,f19c85b449b46fd3c24327f8d53689bd70cb4d7a,"com.apple.Preferences/1 iOS/10.3.3 model/iPhone6,1 hwp/s5l8960x build/14G60 (6; dt:89) CastleSettings/1.0",121.216.0.104,,210300001435,11/05/2019,$0.14,$1.49,2019-11-05T02:59:44Z,MMQ1WNNBMV,210000243761002,PayPal,AUD,No
1332525800,2019-10-05T01:59:26Z,iCloud Storage Subscriptions,916860110,50GB,Apple Inc.,,,$1.49,f19c85b449b46fd3c24327f8d53689bd70cb4d7a,"com.apple.Preferences/1 iOS/10.3.3 model/iPhone6,1 hwp/s5l8960x build/14G60 (6; dt:89) CastleSettings/1.0",121.216.0.104,,189293766291,10/05/2019,$0.14,$1.49,2019-10-05T01:59:26Z,MMQ1L3N3Q7,210000243761002,PayPal,AUD,No
1332525800,2019-09-18T08:17:19Z,Movie Rentals,555835760,The Lord of the Rings: The Fellowship of the Ring (Extended Edition),Roadshow Films PTY LTD,1450474392,The Lord of the Rings: Extended Editions Bundle,$4.99,0EDA1FC9.6AE32B5E.572C6BE7.F007530E.481E235C.1F9269E8.070E8377,iTunes/12.9.4 (Windows; Microsoft Windows 10 x64 Home Premium Edition (Build 17763); x64) AppleWebKit/7607.1039.0.44 (dt:2),61.69.148.22,,112290263650,09/18/2019,$0.45,$4.99,2019-09-18T08:17:19Z,MMQ1FT91MJ,210000243761002,PayPal,AUD,No
1332525800,2019-09-05T01:59:28Z,iCloud Storage Subscriptions,916860110,50GB,Apple Inc.,,,$1.49,f19c85b449b46fd3c24327f8d53689bd70cb4d7a,"com.apple.Preferences/1 iOS/10.3.3 model/iPhone6,1 hwp/s5l8960x build/14G60 (6; dt:89) CastleSettings/1.0",121.216.0.104,,136288875797,09/05/2019,$0.14,$1.49,2019-09-05T01:59:28Z,MMQ1BBWZB2,210000243761002,PayPal,AUD,No
1332525800,2019-08-26T19:43:42Z,In-App Subscriptions,1342389346,Pro W/Unlimited Recording,Epic Enterprises LLC,573751328,TapeACall: Call Recorder,$0.00,4d09c5bfe3dfe758cf0a794309c8b24962105ec9,"itunesstored/1.0 iOS/12.4 model/iPhone8,2 hwp/s8003 build/16G77 (6; dt:142)",1.125.109.69,,,,,,2019-08-26T19:43:42Z,,210000243761002,PayPal,AUD,No
1332525800,2019-08-05T02:00:05Z,iCloud Storage Subscriptions,916860110,50GB,Apple Inc.,,,$1.49,f19c85b449b46fd3c24327f8d53689bd70cb4d7a,"com.apple.Preferences/1 iOS/10.3.3 model/iPhone6,1 hwp/s5l8960x build/14G60 (6; dt:89) CastleSettings/1.0",121.216.0.104,,191283054204,08/05/2019,$0.14,$1.49,2019-08-05T02:00:05Z,MMQ0469G5Z,210000243761002,PayPal,AUD,No
1332525800,2019-07-05T01:59:41Z,iCloud Storage Subscriptions,916860110,50GB,Apple Inc.,,,$1.49,f19c85b449b46fd3c24327f8d53689bd70cb4d7a,"com.apple.Preferences/1 iOS/10.3.3 model/iPhone6,1 hwp/s5l8960x build/14G60 (6; dt:89) CastleSettings/1.0",121.216.0.104,,130277619845,07/05/2019,$0.14,$1.49,2019-07-05T01:59:41Z,MMNYSBTKLN,210000243761002,PayPal,AUD,No
1332525800,2019-06-05T01:59:37Z,iCloud Storage Subscriptions,916860110,50GB,Apple Inc.,,,$1.49,f19c85b449b46fd3c24327f8d53689bd70cb4d7a,"com.apple.Preferences/1 iOS/10.3.3 model/iPhone6,1 hwp/s5l8960x build/14G60 (6; dt:89) CastleSettings/1.0",121.216.0.104,,193271546198,06/05/2019,$0.14,$1.49,2019-06-05T01:59:37Z,MMNX8QLZVS,210000243761002,PayPal,AUD,No
1332525800,2019-05-05T01:59:40Z,iCloud Storage Subscriptions,916860110,50GB,Apple Inc.,,,$1.49,f19c85b449b46fd3c24327f8d53689bd70cb4d7a,"com.apple.Preferences/1 iOS/10.3.3 model/iPhone6,1 hwp/s5l8960x build/14G60 (6; dt:89) CastleSettings/1.0",121.216.0.104,,150266630117,05/05/2019,$0.14,$1.49,2019-05-05T01:59:40Z,MMNVWJM741,210000243761002,PayPal,AUD,No
1332525800,2019-04-05T04:00:02Z,iCloud Storage Subscriptions,916860110,50GB,Apple Inc.,,,$1.49,f19c85b449b46fd3c24327f8d53689bd70cb4d7a,"com.apple.Preferences/1 iOS/10.3.3 model/iPhone6,1 hwp/s5l8960x build/14G60 (6; dt:89) CastleSettings/1.0",121.216.0.104,,156261296910,04/05/2019,$0.14,$1.49,2019-04-05T04:00:02Z,MMNTHWYXL8,210000243761002,PayPal,AUD,No
1332525800,2019-03-05T05:00:48Z,iCloud Storage Subscriptions,916860110,50GB,Apple Inc.,,,$1.49,f19c85b449b46fd3c24327f8d53689bd70cb4d7a,"com.apple.Preferences/1 iOS/10.3.3 model/iPhone6,1 hwp/s5l8960x build/14G60 (6; dt:89) CastleSettings/1.0",121.216.0.104,,198255550025,03/05/2019,$0.14,$1.49,2019-03-05T05:00:48Z,MMNS3FTY42,210000221628824,Visa,AUD,No
1332525800,2019-02-21T10:20:20Z,In-App Purchases,926349857,"Tab Pro, metronome, tuner, print, lessons",Ultimate Guitar,357828853,Ultimate Guitar: Chords & Tabs,$14.99,4d09c5bfe3dfe758cf0a794309c8b24962105ec9,"itunesstored/1.0 iOS/12.1.2 model/iPhone8,2 hwp/s8003 build/16C101 (6; dt:142)",14.200.206.229,,135255215559,03/03/2019,$1.36,$14.99,2019-02-21T10:20:20Z,MMNQL46FWF,210000221628824,Visa,AUD,No
1332525800,2019-02-05T04:59:34Z,iCloud Storage Subscriptions,916860110,50GB,Apple Inc.,,,$1.49,f19c85b449b46fd3c24327f8d53689bd70cb4d7a,"com.apple.Preferences/1 iOS/10.3.3 model/iPhone6,1 hwp/s5l8960x build/14G60 (6; dt:89) CastleSettings/1.0",121.216.0.104,,127250784909,02/05/2019,$0.14,$1.49,2019-02-05T04:59:34Z,MMNNXTF4TG,210000221628824,Visa,AUD,No
1332525800,2019-01-05T04:59:31Z,iCloud Storage Subscriptions,916860110,50GB,Apple Inc.,,,$1.49,f19c85b449b46fd3c24327f8d53689bd70cb4d7a,"com.apple.Preferences/1 iOS/10.3.3 model/iPhone6,1 hwp/s5l8960x build/14G60 (6; dt:89) CastleSettings/1.0",121.216.0.104,,180245241224,01/05/2019,$0.14,$1.49,2019-01-05T04:59:31Z,MMNMN7SXNX,210000221628824,Visa,AUD,No
1332525800,2018-12-05T04:59:51Z,iCloud Storage Subscriptions,916860110,50GB,Apple Inc.,,,$1.49,f19c85b449b46fd3c24327f8d53689bd70cb4d7a,"com.apple.Preferences/1 iOS/10.3.3 model/iPhone6,1 hwp/s5l8960x build/14G60 (6; dt:89) CastleSettings/1.0",121.216.0.104,,171239774389,12/05/2018,$0.14,$1.49,2018-12-05T04:59:51Z,MMNLJ9X0LL,210000221628824,Visa,AUD,No
1332525800,2018-11-05T04:59:40Z,iCloud Storage Subscriptions,916860110,50GB,Apple Inc.,,,$1.49,f19c85b449b46fd3c24327f8d53689bd70cb4d7a,"com.apple.Preferences/1 iOS/10.3.3 model/iPhone6,1 hwp/s5l8960x build/14G60 (6; dt:89) CastleSettings/1.0",121.216.0.104,,122234917383,11/05/2018,$0.14,$1.49,2018-11-05T04:59:40Z,MMNK852BB7,210000221628824,Visa,AUD,No
1332525800,2018-10-05T03:59:45Z,iCloud Storage Subscriptions,916860110,50GB,Apple Inc.,,,$1.49,f19c85b449b46fd3c24327f8d53689bd70cb4d7a,"com.apple.Preferences/1 iOS/10.3.3 model/iPhone6,1 hwp/s5l8960x build/14G60 (6; dt:89) CastleSettings/1.0",121.216.0.104,,211229908676,10/05/2018,$0.14,$1.49,2018-10-05T03:59:45Z,MMNHZYVNYJ,210000221628824,Visa,AUD,No
1332525800,2018-09-05T03:59:55Z,iCloud Storage Subscriptions,916860110,50GB,Apple Inc.,,,$1.49,f19c85b449b46fd3c24327f8d53689bd70cb4d7a,"com.apple.Preferences/1 iOS/10.3.3 model/iPhone6,1 hwp/s5l8960x build/14G60 (6; dt:89) CastleSettings/1.0",121.216.0.104,,204225052636,09/05/2018,$0.14,$1.49,2018-09-05T03:59:55Z,MMNGND88FG,210000221628824,Visa,AUD,No
1332525800,2018-08-05T04:00:20Z,iCloud Storage Subscriptions,916860110,50GB,Apple Inc.,,,$1.49,f19c85b449b46fd3c24327f8d53689bd70cb4d7a,"com.apple.Preferences/1 iOS/10.3.3 model/iPhone6,1 hwp/s5l8960x build/14G60 (6; dt:89) CastleSettings/1.0",121.216.0.104,,129220883376,08/05/2018,$0.14,$1.49,2018-08-05T04:00:20Z,MMNFF41JKD,210000221628824,Visa,AUD,No
1332525800,2018-07-05T04:00:09Z,iCloud Storage Subscriptions,916860110,50GB,Apple Inc.,,,$1.49,f19c85b449b46fd3c24327f8d53689bd70cb4d7a,"com.apple.Preferences/1 iOS/10.3.3 model/iPhone6,1 hwp/s5l8960x build/14G60 (6; dt:89) CastleSettings/1.0",121.216.0.104,,120216362843,07/05/2018,$0.14,$1.49,2018-07-05T04:00:09Z,MMND5SQYX2,210000221628824,Visa,AUD,No
1332525800,2018-06-05T03:59:28Z,iCloud Storage Subscriptions,916860110,50GB,Apple Inc.,,,$1.49,f19c85b449b46fd3c24327f8d53689bd70cb4d7a,"com.apple.Preferences/1 iOS/10.3.3 model/iPhone6,1 hwp/s5l8960x build/14G60 (6; dt:89) CastleSettings/1.0",121.216.0.104,,216211694324,06/05/2018,$0.14,$1.49,2018-06-05T03:59:28Z,MMN9YY42V1,210000221628824,Visa,AUD,No
1332525800,2018-05-13T12:42:09Z,iOS and tvOS Apps,1244456273,.projekt,Kyrylo Kuzyk,,,$2.99,4d09c5bfe3dfe758cf0a794309c8b24962105ec9,"AppStore/3.0 iOS/11.3.1 model/iPhone8,2 hwp/s8003 build/15E302 (6; dt:142)",101.174.68.64,,202210286972,05/23/2018,$0.27,$2.99,2018-05-13T12:42:09Z,MMN90JGM8S,210000221628824,Visa,AUD,No
1332525800,2018-05-05T04:00:03Z,iCloud Storage Subscriptions,916860110,50GB,Apple Inc.,,,$1.49,f19c85b449b46fd3c24327f8d53689bd70cb4d7a,"com.apple.Preferences/1 iOS/10.3.3 model/iPhone6,1 hwp/s5l8960x build/14G60 (6; dt:89) CastleSettings/1.0",121.216.0.104,,171207582259,05/05/2018,$0.14,$1.49,2018-05-05T04:00:03Z,MMN8Q366BY,210000221628824,Visa,AUD,No
1332525800,2018-04-27T01:26:18Z,In-App Subscriptions,1242883483,Monthly Subscription,TEC-IT Datenverarbeitung GmbH,1241932661,Scan-IT to Office,$6.49,4d09c5bfe3dfe758cf0a794309c8b24962105ec9,"itunesstored/1.0 iOS/11.2.6 model/iPhone8,2 hwp/s8003 build/15D100 (6; dt:142)",1.144.109.47,,171207582258,05/05/2018,$0.59,$6.49,2018-04-27T01:26:18Z,MMN8BG58JM,210000221628824,Visa,AUD,No
1332525800,2018-04-12T19:37:55Z,iOS and tvOS Apps,916819843,Skillshare - Online Learning,"Skillshare, Inc.",,,$0.00,4d09c5bfe3dfe758cf0a794309c8b24962105ec9,"AppStore/3.0 iOS/11.2.6 model/iPhone8,2 hwp/s8003 build/15D100 (6; dt:142)",121.216.204.142,,,,,,2018-04-12T00:36:03Z,,210000221628824,Visa,AUD,No
1332525800,2018-04-12T00:36:03Z,iOS and tvOS Apps,1066155532,Bloxorz HD,Defei Yuan,,,$0.00,4d09c5bfe3dfe758cf0a794309c8b24962105ec9,"AppStore/3.0 iOS/11.2.6 model/iPhone8,2 hwp/s8003 build/15D100 (6; dt:142)",1.144.110.197,,,,,,2018-04-12T00:36:03Z,,210000221628824,Visa,AUD,No
1332525800,2018-04-05T03:59:31Z,iCloud Storage Subscriptions,916860110,50GB,Apple Inc.,,,$1.49,f19c85b449b46fd3c24327f8d53689bd70cb4d7a,"com.apple.Preferences/1 iOS/10.3.3 model/iPhone6,1 hwp/s5l8960x build/14G60 (6; dt:89) CastleSettings/1.0",121.216.0.104,,149202948066,04/05/2018,$0.14,$1.49,2018-04-05T03:59:31Z,MMN7GQ1QLW,210000221628824,Visa,AUD,No
1332525800,2018-04-04T04:39:56Z,In-App Subscriptions,1267801861,Blinkist Premium (1 Year),Blinks Labs GmbH,568839295,Blinkist: Read in 15 minutes,$124.99,4d09c5bfe3dfe758cf0a794309c8b24962105ec9,"itunesstored/1.0 iOS/11.2.6 model/iPhone8,2 hwp/s8003 build/15D100 (6; dt:142)",101.174.81.12,,167203037734,04/04/2018,$11.36,$124.99,2018-04-04T04:39:56Z,MMN7F7HL5X,210000221628824,Visa,AUD,No
1332525800,2018-03-30T05:06:46Z,In-App Purchases,1179563053,Course Tier 11,Udemy Inc,562413829,Udemy Online Video Courses,$16.99,4d09c5bfe3dfe758cf0a794309c8b24962105ec9,"itunesstored/1.0 iOS/11.2.6 model/iPhone8,2 hwp/s8003 build/15D100 (6; dt:142)",60.240.10.120,,124202387186,03/30/2018,$1.54,$16.99,2018-03-30T05:06:46Z,MMN772LL09,210000221628824,Visa,AUD,No
1332525800,2018-03-30T05:02:16Z,In-App Purchases,1179563053,Course Tier 11,Udemy Inc,562413829,Udemy Online Video Courses,$16.99,4d09c5bfe3dfe758cf0a794309c8b24962105ec9,"itunesstored/1.0 iOS/11.2.6 model/iPhone8,2 hwp/s8003 build/15D100 (6; dt:142)",60.240.10.120,,124202387185,03/30/2018,$2.13,$23.48,2018-03-27T06:53:09Z,MMN72JJL27,210000221628824,Visa,AUD,No
1332525800,2018-03-28T10:39:30Z,In-App Subscriptions,1267801861,Blinkist Premium (1 Year),Blinks Labs GmbH,568839295,Blinkist: Read in 15 minutes,$0.00,4d09c5bfe3dfe758cf0a794309c8b24962105ec9,"itunesstored/1.0 iOS/11.2.6 model/iPhone8,2 hwp/s8003 build/15D100 (6; dt:142)",101.174.81.12,,,,,,2018-03-27T06:53:09Z,,210000221628824,Visa,AUD,No
1332525800,2018-03-27T06:53:09Z,In-App Subscriptions,1242883483,Monthly Subscription,TEC-IT Datenverarbeitung GmbH,1241932661,Scan-IT to Office,$6.49,4d09c5bfe3dfe758cf0a794309c8b24962105ec9,"itunesstored/1.0 iOS/11.2.6 model/iPhone8,2 hwp/s8003 build/15D100 (6; dt:142)",1.144.109.47,,124202387185,03/30/2018,$2.13,$23.48,2018-03-27T06:53:09Z,MMN72JJL27,210000221628824,Visa,AUD,No
1332525800,2018-03-05T13:00:12Z,iCloud Storage Subscriptions,916860110,50GB,Apple Inc.,,,$1.49,f19c85b449b46fd3c24327f8d53689bd70cb4d7a,"com.apple.Preferences/1 iOS/10.3.3 model/iPhone6,1 hwp/s5l8960x build/14G60 (6; dt:89) CastleSettings/1.0",121.216.0.104,,115199533402,03/06/2018,$0.14,$1.49,2018-03-05T13:00:12Z,MMN66G8FTF,210000221628824,Visa,AUD,No
1332525800,2018-02-05T04:59:34Z,iCloud Storage Subscriptions,916860110,50GB,Apple Inc.,,,$1.49,f19c85b449b46fd3c24327f8d53689bd70cb4d7a,"com.apple.Preferences/1 iOS/10.3.3 model/iPhone6,1 hwp/s5l8960x build/14G60 (6; dt:89) CastleSettings/1.0",121.216.0.104,,214194770306,02/05/2018,$0.14,$1.49,2018-02-05T04:59:34Z,MMN54BVN0Q,210000183323156,Visa,AUD,No
1332525800,2018-01-23T22:58:28Z,In-App Purchases,1186407876,Course Tier 15,Udemy Inc,562413829,Udemy Online Video Courses,$22.99,4d09c5bfe3dfe758cf0a794309c8b24962105ec9,"itunesstored/1.0 iOS/11.2.2 model/iPhone8,2 hwp/s8003 build/15C202 (6; dt:142)",1.144.108.1,,154193022312,01/24/2018,$2.09,$22.99,2018-01-23T22:58:28Z,MMN4N28HLB,210000183323156,Visa,AUD,No
1332525800,2018-01-23T22:54:27Z,In-App Purchases,1186407876,Course Tier 15,Udemy Inc,562413829,Udemy Online Video Courses,$22.99,4d09c5bfe3dfe758cf0a794309c8b24962105ec9,"itunesstored/1.0 iOS/11.2.2 model/iPhone8,2 hwp/s8003 build/15C202 (6; dt:142)",1.144.108.1,,154193022311,01/24/2018,$3.73,$40.98,2018-01-17T22:02:47Z,MMN4F9DXGS,210000183323156,Visa,AUD,No
1332525800,2018-01-17T22:02:47Z,In-App Purchases,1186875617,Course Tier 12,Udemy Inc,562413829,Udemy Online Video Courses,$17.99,4d09c5bfe3dfe758cf0a794309c8b24962105ec9,"itunesstored/1.0 iOS/11.2.2 model/iPhone8,2 hwp/s8003 build/15C202 (6; dt:142)",1.144.110.50,,154193022311,01/24/2018,$3.73,$40.98,2018-01-17T22:02:47Z,MMN4F9DXGS,210000183323156,Visa,AUD,No
1332525800,2018-01-17T22:01:21Z,In-App Purchases,1186875617,Course Tier 12,Udemy Inc,562413829,Udemy Online Video Courses,$17.99,4d09c5bfe3dfe758cf0a794309c8b24962105ec9,"itunesstored/1.0 iOS/11.2.2 model/iPhone8,2 hwp/s8003 build/15C202 (6; dt:142)",1.144.110.50,,202192399953,01/18/2018,$3.27,$35.98,2018-01-17T21:59:47Z,MMN4F99QT5,210000183323156,Visa,AUD,No
1332525800,2018-01-17T21:59:47Z,In-App Purchases,1186875617,Course Tier 12,Udemy Inc,562413829,Udemy Online Video Courses,$17.99,4d09c5bfe3dfe758cf0a794309c8b24962105ec9,"itunesstored/1.0 iOS/11.2.2 model/iPhone8,2 hwp/s8003 build/15C202 (6; dt:142)",1.144.110.50,,202192399953,01/18/2018,$3.27,$35.98,2018-01-17T21:59:47Z,MMN4F99QT5,210000183323156,Visa,AUD,No
1332525800,2018-01-05T05:00:08Z,iCloud Storage Subscriptions,916860110,50GB,Apple Inc.,,,$1.49,f19c85b449b46fd3c24327f8d53689bd70cb4d7a,"com.apple.Preferences/1 iOS/10.3.3 model/iPhone6,1 hwp/s5l8960x build/14G60 (6; dt:89) CastleSettings/1.0",121.216.0.104,,198190265852,01/05/2018,$0.14,$1.49,2018-01-05T05:00:08Z,MMN41W674Y,210000183323156,Visa,AUD,No
1332525800,2017-12-25T00:07:06Z,iOS and tvOS Apps,1315345202,The Woodford App 2017,Kristopher Randall,,,$2.99,4d09c5bfe3dfe758cf0a794309c8b24962105ec9,"AppStore/3.0 iOS/11.2.1 model/iPhone8,2 hwp/s8003 build/15C153 (6; dt:142)",58.165.243.96,,155190430659,01/04/2018,$0.27,$2.99,2017-12-25T00:07:06Z,MMN3V0YXMX,210000183323156,Visa,AUD,No
1332525800,2017-12-05T04:59:50Z,iCloud Storage Subscriptions,916860110,50GB,Apple Inc.,,,$1.49,f19c85b449b46fd3c24327f8d53689bd70cb4d7a,"com.apple.Preferences/1 iOS/10.3.3 model/iPhone6,1 hwp/s5l8960x build/14G60 (6; dt:89) CastleSettings/1.0",121.216.0.104,,126186784913,12/05/2017,$0.14,$1.49,2017-12-05T04:59:50Z,MMN2ZNQ577,210000183323156,Visa,AUD,No
1332525800,2017-11-05T04:59:40Z,iCloud Storage Subscriptions,916860110,50GB,Apple Inc.,,,$1.49,f19c85b449b46fd3c24327f8d53689bd70cb4d7a,"com.apple.Preferences/1 iOS/10.3.3 model/iPhone6,1 hwp/s5l8960x build/14G60 (6; dt:89) CastleSettings/1.0",121.216.0.104,,173182302221,11/05/2017,$0.14,$1.49,2017-11-05T04:59:40Z,MMN1SX1Q6Y,210000183323156,Visa,AUD,No
1332525800,2017-10-05T03:59:37Z,iCloud Storage Subscriptions,916860110,50GB,Apple Inc.,,,$1.49,f19c85b449b46fd3c24327f8d53689bd70cb4d7a,"com.apple.Preferences/1 iOS/10.3.3 model/iPhone6,1 hwp/s5l8960x build/14G60 (6; dt:89) CastleSettings/1.0",121.216.0.104,,194178583703,10/05/2017,$0.14,$1.49,2017-10-05T03:59:37Z,MMN0J1GH22,210000183323156,Visa,AUD,No
1332525800,2017-09-29T14:52:42Z,In-App Purchases,919983381,All-expansions Bundle,United Soft Media Verlag GmbH,335029050,Catan Classic,$14.99,4d09c5bfe3dfe758cf0a794309c8b24962105ec9,"itunesstored/1.0 iOS/11.0 model/iPhone8,2 hwp/s8003 build/15A372 (6; dt:142)",203.33.161.71,,137177517139,09/30/2017,$1.36,$14.99,2017-09-29T14:52:42Z,MMN08XGGSZ,210000183323156,Visa,AUD,No
1332525800,2017-09-21T07:10:34Z,iOS and tvOS Apps,335029050,Catan Classic,United Soft Media Verlag GmbH,,,$7.99,4d09c5bfe3dfe758cf0a794309c8b24962105ec9,"com.apple.appstored/1.0 iOS/11.0 model/iPhone8,2 hwp/s8003 build/15A372 (6; dt:142)",110.147.138.253,,153176659565,09/21/2017,$0.73,$7.99,2017-09-19T10:04:19Z,MMMZW2JGQK,210000183323156,Visa,AUD,No
1332525800,2017-09-19T10:04:19Z,iOS and tvOS Apps,361309726,Pages,Apple Inc.,,,$0.00,4d09c5bfe3dfe758cf0a794309c8b24962105ec9,"itunesstored/1.0 iOS/9.3.2 model/iPhone8,2 hwp/s8003 build/13F69 (6; dt:142)",101.174.200.11,,,,,,2017-09-19T10:04:19Z,,210000183323156,Visa,AUD,No
1332525800,2017-09-19T10:04:19Z,iOS and tvOS Apps,490217893,iTunes U,Apple Inc.,,,$0.00,4d09c5bfe3dfe758cf0a794309c8b24962105ec9,"itunesstored/1.0 iOS/9.3.2 model/iPhone8,2 hwp/s8003 build/13F69 (6; dt:142)",101.174.200.11,,,,,,2017-09-19T10:04:19Z,,210000183323156,Visa,AUD,No
1332525800,2017-09-19T10:04:19Z,iOS and tvOS Apps,361285480,Keynote,Apple Inc.,,,$0.00,4d09c5bfe3dfe758cf0a794309c8b24962105ec9,"itunesstored/1.0 iOS/9.3.2 model/iPhone8,2 hwp/s8003 build/13F69 (6; dt:142)",101.174.200.11,,,,,,2017-09-19T10:04:19Z,,210000183323156,Visa,AUD,No
1332525800,2017-09-19T10:04:19Z,iOS and tvOS Apps,377298193,iMovie,Apple Inc.,,,$0.00,4d09c5bfe3dfe758cf0a794309c8b24962105ec9,"itunesstored/1.0 iOS/9.3.2 model/iPhone8,2 hwp/s8003 build/13F69 (6; dt:142)",101.174.200.11,,,,,,2017-09-19T10:04:19Z,,210000183323156,Visa,AUD,No
1332525800,2017-09-19T10:04:19Z,iOS and tvOS Apps,490217893,iTunes U,Apple Inc.,,,$0.00,4d09c5bfe3dfe758cf0a794309c8b24962105ec9,"itunesstored/1.0 iOS/9.3.2 model/iPhone8,2 hwp/s8003 build/13F69 (6; dt:142)",101.174.200.11,,,,,,2017-09-19T10:04:19Z,,210000183323156,Visa,AUD,No
1332525800,2017-09-19T10:04:19Z,iOS and tvOS Apps,361285480,Keynote,Apple Inc.,,,$0.00,4d09c5bfe3dfe758cf0a794309c8b24962105ec9,"itunesstored/1.0 iOS/9.3.2 model/iPhone8,2 hwp/s8003 build/13F69 (6; dt:142)",101.174.200.11,,,,,,2017-09-19T10:04:19Z,,210000183323156,Visa,AUD,No
1332525800,2017-09-05T09:59:26Z,iCloud Storage Subscriptions,916860110,50GB,Apple Inc.,,,$1.49,f19c85b449b46fd3c24327f8d53689bd70cb4d7a,"com.apple.Preferences/1 iOS/10.3.3 model/iPhone6,1 hwp/s5l8960x build/14G60 (6; dt:89) CastleSettings/1.0",121.216.0.104,,112174475435,09/05/2017,$0.14,$1.49,2017-09-05T09:59:26Z,MMMZ9NWZ8J,210000183323156,Visa,AUD,No
1332525800,2017-05-23T14:49:58Z,In-App Subscriptions,1087353183,Sleep Cycle Premium,Sleep Cycle AB,320606217,Sleep Cycle: smart alarm clock,$39.99,f19c85b449b46fd3c24327f8d53689bd70cb4d7a,"itunesstored/1.0 iOS/10.2.1 model/iPhone6,1 hwp/s5l8960x build/14D27 (6; dt:89)",58.166.82.65,,169162326541,05/24/2017,$3.64,$39.99,2017-05-23T14:49:58Z,MMMWB994M5,210000183323156,Visa,AUD,No
1332525800,2017-04-23T20:49:43Z,In-App Subscriptions,1087353183,Sleep Cycle Premium,Sleep Cycle AB,320606217,Sleep Cycle: smart alarm clock,$0.00,f19c85b449b46fd3c24327f8d53689bd70cb4d7a,"itunesstored/1.0 iOS/10.2.1 model/iPhone6,1 hwp/s5l8960x build/14D27 (6; dt:89)",58.166.82.65,,,,,,2017-04-23T07:39:24Z,,210000183323156,Visa,AUD,No
1332525800,2017-04-10T11:36:27Z,In-App Purchases,926202989,GuitarTuna Pro,Yousician Ltd,527588389,"GuitarTuna: Guitar, Bass tuner",$19.99,f19c85b449b46fd3c24327f8d53689bd70cb4d7a,"itunesstored/1.0 iOS/10.2.1 model/iPhone6,1 hwp/s5l8960x build/14D27 (6; dt:89)",1.129.97.205,,191158086182,04/10/2017,$1.82,$19.99,2017-04-09T05:39:02Z,MMMV3VF4GH,210000183323156,Visa,AUD,No
1332525800,2017-04-02T13:57:22Z,iOS and tvOS Apps,530621395,Wish - Shopping Made Fun,ContextLogic Inc.,,,$0.00,f19c85b449b46fd3c24327f8d53689bd70cb4d7a,"AppStore/2.0 iOS/10.2.1 model/iPhone6,1 hwp/s5l8960x build/14D27 (6; dt:89)",58.164.1.119,,,,,,2017-03-25T10:57:32Z,,210000183323156,Visa,AUD,No
1332525800,2016-12-22T23:44:44Z,iOS and tvOS Apps,587823548,1 Second Everyday: Video Diary,"1 Second Everyday, Inc.",,,$7.99,f19c85b449b46fd3c24327f8d53689bd70cb4d7a,"AppStore/2.0 iOS/10.2 model/iPhone6,1 hwp/s5l8960x build/14C92 (6; dt:89)",101.190.64.19,,195145849167,12/23/2016,$0.73,$7.99,2016-12-22T06:00:22Z,MMMQG2SZ7K,210000183323156,Visa,AUD,No
1332525800,2016-11-11T09:22:42Z,In-App Purchases,1116676675,Exclusive content from Bedtime Stories,Acast AB,925311796,Acast - Podcast Player,$4.99,f19c85b449b46fd3c24327f8d53689bd70cb4d7a,"AppStore/2.0 iOS/10.1.1 model/iPhone6,1 hwp/s5l8960x build/14B100 (6; dt:89)",1.129.96.120,,174142672715,11/19/2016,$0.45,$4.99,2016-11-11T09:22:42Z,MMMNBJL5Z2,210000183323156,Visa,AUD,No
1332525800,2016-03-28T09:19:01Z,iOS and tvOS Apps,466122094,Find My Friends,Apple Inc.,,,$0.00,f19c85b449b46fd3c24327f8d53689bd70cb4d7a,"itunesstored/1.0 iOS/9.2.1 model/iPhone6,1 hwp/s5l8960x build/13D15 (6; dt:89)",58.166.96.60,,,,,,2016-03-23T09:44:06Z,,210000123586292,Visa,AUD,No
1332525800,2016-03-28T09:19:01Z,iOS and tvOS Apps,376101648,Find My iPhone,Apple Inc.,,,$0.00,f19c85b449b46fd3c24327f8d53689bd70cb4d7a,"itunesstored/1.0 iOS/9.2.1 model/iPhone6,1 hwp/s5l8960x build/13D15 (6; dt:89)",58.166.96.60,,,,,,2016-03-23T09:44:06Z,,210000123586292,Visa,AUD,No
1332525800,2016-03-23T09:44:06Z,iOS and tvOS Apps,525463029,Apple Podcasts,Apple Inc.,,,$0.00,f19c85b449b46fd3c24327f8d53689bd70cb4d7a,"itunesstored/1.0 iOS/8.4.1 model/iPhone6,1 build/12H321 (6; dt:89)",58.166.115.223,,,,,,2016-03-23T09:44:06Z,,210000123586292,Visa,AUD,No
1332525800,2016-03-23T09:44:06Z,iOS and tvOS Apps,364709193,Apple Books,Apple Inc.,,,$0.00,f19c85b449b46fd3c24327f8d53689bd70cb4d7a,"itunesstored/1.0 iOS/8.4.1 model/iPhone6,1 build/12H321 (6; dt:89)",58.166.115.223,,,,,,2016-03-23T09:44:06Z,,210000123586292,Visa,AUD,No
1332525800,2016-01-06T15:38:42Z,iOS and tvOS Apps,365070618,Kamasutra 2.0,Phillipa Hagger,,,$0.00,a669b0843879539a0cccc08870bf75308740a3b1,"AppStore/2.0 iOS/7.1.2 model/iPhone3,1 build/11D257 (4; dt:27)",1.136.97.27,,,,,,2016-01-02T14:30:09Z,,210000123586292,Visa,AUD,No
1332525800,2015-10-11T07:03:45Z,In-App Purchases,646927330,Goniometer Pro unlocked,5FUF5 CO,646925503,Goniometer Pro,$18.99,a669b0843879539a0cccc08870bf75308740a3b1,"AppStore/2.0 iOS/7.1.2 model/iPhone3,1 build/11D257 (4; dt:27)",60.241.152.192,,115110997959,10/21/2015,$1.73,$18.99,2015-10-11T07:03:45Z,MGW4QTJFM0,210000123586292,Visa,AUD,No
1332525800,2015-07-16T21:44:40Z,Mac Apps,682658836,GarageBand,Apple Inc.,,,$6.49,94DE80C1CB0B,MacAppStore/2.0 (Macintosh; OS X 10.10.4; 14E46) AppleWebKit/0600.7.12,60.241.152.192,,180104077886,07/17/2015,$0.59,$6.49,2015-07-15T08:16:51Z,MGW3B1F10J,210000118436664,Visa,AUD,No
1332525800,2015-02-27T11:19:53Z,Audiobooks,352277598,"Artemis Fowl: Artemis Fowl, Book 1",Audible,,,$11.99,D49A20D6B93E,iTunes/12.1 (Macintosh; OS X 10.9.5) AppleWebKit/537.78.2,60.241.152.192,,145095074158,02/27/2015,$1.09,$11.99,2015-02-25T20:28:01Z,MGW18H8S1L,210000105313878,Visa,AUD,No
1332525800,2015-01-08T03:25:51Z,Mac Apps,915041082,OS X Yosemite,Apple Inc.,,,$0.00,94DE80C1CB0B,MacAppStore/1.3 (Macintosh; OS X 10.9.5) AppleWebKit/537.78.2,203.214.72.52,,,,,,2015-01-07T05:59:13Z,,210000105313878,Visa,AUD,No
1332525800,2014-12-27T12:41:27Z,iOS and tvOS Apps,942232950,The Woodford App 2014,Kristopher Randall,,,$3.79,a669b0843879539a0cccc08870bf75308740a3b1,"AppStore/2.0 iOS/7.1.2 model/iPhone3,1 build/11D257 (4; dt:27)",49.197.146.17,,112090480900,12/29/2014,$0.34,$3.79,2014-12-27T12:41:27Z,MGW0FGBB88,210000105313878,Visa,AUD,No
1332525800,2014-06-10T06:40:44Z,Mac Apps,408981434,iMovie,Apple Inc.,,,$18.99,94DE80C1CB0B,MacAppStore/1.3 (Macintosh; OS X 10.9.3) AppleWebKit/537.75.14,203.214.72.52,,204077535612,06/10/2014,$1.73,$18.99,2014-06-10T06:40:44Z,MGVXHNF9LT,210000089394785,Visa,AUD,No
1332525800,2014-06-07T06:01:26Z,Books,881256329,The Swift Programming Language (Swift 5.1),Apple Inc. Books,,,$0.00,D49A20D6B93E,iBooks/1.0 (Macintosh; OS X 10.9.3) AppleWebKit/537.75.14,129.180.174.96,,,,,,2014-06-07T06:01:26Z,,210000089394785,Visa,AUD,No
1332525800,2014-04-09T12:10:56Z,Movie Rentals,741226141,Delivery Man,"Buena Vista Home Entertainment, Inc.",,,$6.99,D49A20D6B93E,iTunes/11.1.5 (Macintosh; OS X 10.9.2) AppleWebKit/537.74.9,60.240.11.31,,138073910783,04/11/2014,$0.64,$6.99,2014-04-09T12:10:56Z,MGVWT5SDTY,210000089394785,Visa,AUD,No
1332525800,2014-04-07T15:52:11Z,Movie Purchases,767187016,Tim Winton's The Turning,Madman Entertainment Pty Ltd,,,$29.99,94DE80C1CB0B,iTunes/11.1.5 (Macintosh; OS X 10.9.2) AppleWebKit/537.74.9,203.214.72.52,,167073601455,04/08/2014,$2.73,$29.99,2014-04-07T15:52:11Z,MGVWSKFMZX,210000089394785,Store Credit,AUD,No
1332525800,2014-03-07T03:32:02Z,Mac Apps,533696630,Webcam Settings,Liang-Hsin Chen,,,$8.49,94DE80C1CB0B,MacAppStore/1.3 (Macintosh; OS X 10.9.2) AppleWebKit/537.74.9,203.214.72.52,,110071598308,03/08/2014,$0.77,$8.49,2014-03-07T03:32:02Z,MGVWD883B4,210000086907820,Store Credit,AUD,No
1332525800,2014-02-20T06:38:34Z,iOS and tvOS Apps,396855682,Forms,NextBusinessSystem Corporation,,,$1.99,a669b0843879539a0cccc08870bf75308740a3b1,"AppStore/2.0 iOS/7.0.4 model/iPhone3,1 (4; dt:27)",203.214.72.52,,209070289704,02/21/2014,$0.18,$1.99,2014-02-20T06:38:34Z,MGVW6SFN4S,210000075205694,Store Credit,AUD,No
1332525800,2014-01-14T05:14:22Z,Mac Apps,675248567,OS X Mavericks,Apple Inc.,,,$0.00,D49A20D6B93E,MacAppStore/1.2.2 (Macintosh; U; Intel Mac OS X 10.8.5; en) AppleWebKit/536.30.1,203.214.72.52,,,,,,2014-01-14T05:14:22Z,,210000075205694,Visa,AUD,No
1332525800,2013-08-24T23:10:46Z,Mac Apps,537386512,OS X Mountain Lion,Apple Inc.,,,$20.99,D49A20D6B93E,MacAppStore/1.0.2 (Macintosh; U; Intel Mac OS X 10.6.8; English) AppleWebKit/534.59.8,60.240.13.138,,174059052707,08/25/2013,$1.91,$20.99,2013-08-24T23:10:46Z,MGVTD5HMN6,210000075205694,Visa,AUD,No
1332525800,2012-09-06T02:44:15Z,iOS and tvOS Apps,378068778,Tafl,MachineCodex Software,,,$2.99,a669b0843879539a0cccc08870bf75308740a3b1,iTunes-iPhone/5.1.1 (4; 16GB; dt:27),49.176.99.242,,213038331556,09/08/2012,$0.27,$2.99,2012-09-06T02:44:15Z,MGVNYGNGM1,210000061901232,Visa,AUD,No
1332525800,2012-08-12T11:55:42Z,Movie Rentals,516342842,Eternal Sunshine of the Spotless Mind,Roadshow Films PTY LTD,,,$4.99,D49A20D6B93E,iTunes/10.6.3 (Macintosh; Intel Mac OS X 10.6.8) AppleWebKit/534.57.2,129.180.149.209,,194037481552,08/14/2012,$0.45,$4.99,2012-08-12T11:55:42Z,MGVNTYVH8S,210000061901232,Visa,AUD,No
1332525800,2012-08-12T05:18:31Z,Albums,493294943,Born to Die (Deluxe Version),Universal Music International,,,$17.99,D49A20D6B93E,iTunes/10.6.3 (Macintosh; Intel Mac OS X 10.6.8) AppleWebKit/534.57.2,129.180.149.209,,157037417734,08/12/2012,$1.64,$17.99,2012-08-12T05:18:31Z,MGVNTY2YBD,210000061901232,Store Credit,AUD,No
1332525800,2012-08-12T05:18:04Z,Albums,470939123,Birdy,The Warner Music Group,,,$9.99,D49A20D6B93E,iTunes/10.6.3 (Macintosh; Intel Mac OS X 10.6.8) AppleWebKit/534.57.2,129.180.149.209,,157037417733,08/12/2012,$0.91,$9.99,2012-08-12T05:18:04Z,MGVNTY2XM8,210000061901232,Store Credit,AUD,No
1332525800,2012-07-30T00:58:56Z,iOS and tvOS Apps,324684580,Spotify: Music and Podcasts,Spotify,,,$0.00,a669b0843879539a0cccc08870bf75308740a3b1,iTunes-iPhone/5.1.1 (4; 16GB; dt:27),49.176.98.77,,,,,,2012-07-30T00:58:56Z,,210000058796523,Visa,AUD,No
1332525800,2012-07-14T08:22:31Z,Books,538513233,The Essays of Montaigne - Complete,Dvaraka Marketing LLC,,,$0.00,a669b0843879539a0cccc08870bf75308740a3b1,iTunes-iPhone/5.1.1 (4; 16GB; dt:27),49.176.67.7,,,,,,2012-07-14T08:21:05Z,,210000058796523,Visa,AUD,No
1332525800,2012-07-14T08:21:05Z,Books,501007901,Pragmatism,Public Domain,,,$0.00,a669b0843879539a0cccc08870bf75308740a3b1,iTunes-iPhone/5.1.1 (4; 16GB; dt:27),49.176.67.7,,,,,,2012-07-14T08:21:05Z,,210000058796523,Visa,AUD,No
1332525800,2012-07-06T00:41:19Z,Books,498701982,Categoriae. English,Public Domain,,,$0.00,a669b0843879539a0cccc08870bf75308740a3b1,iTunes-iPhone/5.1.1 (4; 16GB; dt:27),49.176.100.35,,,,,,2012-07-06T00:41:19Z,,210000058796523,Visa,AUD,No
1332525800,2012-06-09T05:49:48Z,Books,504443628,Die Verwandlung / The Metamorphosis,Igor Kogan,,,$0.00,a669b0843879539a0cccc08870bf75308740a3b1,iTunes-iPhone/5.1.1 (4; 16GB; dt:27),49.176.100.99,,,,,,2012-06-09T05:49:48Z,,210000058796523,Visa,AUD,No
1332525800,2012-05-31T00:18:24Z,Albums,516701586,Born and Raised,Sony Music,,,$16.99,D49A20D6B93E,iTunes/10.6.1 (Macintosh; Intel Mac OS X 10.6.8) AppleWebKit/534.57.2,129.180.149.209,,141033963696,06/02/2012,$1.54,$16.99,2012-05-31T00:18:24Z,MGVNFYQNV1,210000058796523,Visa,AUD,No
1332525800,2012-05-17T08:48:19Z,Albums,303954722,Franks Wild Years,Universal Music International,,,$11.99,D49A20D6B93E,iTunes/10.6.1 (Macintosh; Intel Mac OS X 10.6.8) AppleWebKit/534.57.2,129.180.149.209,,178033690240,05/19/2012,$1.09,$11.99,2012-05-17T08:48:19Z,MGVND269TD,210000058796523,Visa,AUD,No
1332525800,2012-05-10T06:34:15Z,Albums,462911410,Every Kingdom (Deluxe Video Edition),Universal Music International,,,$22.99,D49A20D6B93E,iTunes/10.6.1 (Macintosh; Intel Mac OS X 10.6.8) AppleWebKit/534.55.3,129.180.173.242,,136033292926,05/10/2012,$2.09,$22.99,2012-05-10T06:34:15Z,MGVNB4WYLN,210000045551074,Store Credit,AUD,No
1332525800,2012-04-23T23:13:42Z,Albums,511213671,My Head Is an Animal,Universal Music International,,,$16.99,D49A20D6B93E,iTunes/10.6.1 (Macintosh; Intel Mac OS X 10.6.8) AppleWebKit/534.55.3,129.180.173.242,,149032229799,04/24/2012,$3.09,$33.98,2012-04-23T04:53:30Z,MGVN7W3QSV,210000045551074,Store Credit,AUD,No
1332525800,2012-04-23T04:53:30Z,Albums,520446645,Somewhere Under the Rainbow,Isolation Network / Ingrooves,,,$16.99,D49A20D6B93E,iTunes/10.6.1 (Macintosh; Intel Mac OS X 10.6.8) AppleWebKit/534.55.3,129.180.173.242,,149032229799,04/24/2012,$3.09,$33.98,2012-04-23T04:53:30Z,MGVN7W3QSV,210000045551074,Store Credit,AUD,No
1332525800,2012-04-06T13:27:04Z,iOS and tvOS Apps,322852954,Words With Friends Pro,Zynga Mobile,,,$2.99,a669b0843879539a0cccc08870bf75308740a3b1,iTunes-iPhone/5.1 (4; 16GB; dt:27),49.184.112.72,,117031973337,04/08/2012,$0.27,$2.99,2012-04-06T13:27:04Z,MGVN5HBV95,210000045551074,Visa,AUD,No
1332525800,2012-04-01T03:30:12Z,Books,361509612,Selected Essays,Project Gutenberg,,,$0.00,a669b0843879539a0cccc08870bf75308740a3b1,iTunes-iPhone/5.1 (4; 16GB; dt:27),49.178.4.199,,,,,,2012-03-30T10:43:14Z,,210000045551074,Visa,AUD,No
1332525800,2012-04-01T03:14:21Z,Books,361523665,The Works of Aristotle the Famous Philosopher,Project Gutenberg,,,$0.00,a669b0843879539a0cccc08870bf75308740a3b1,iTunes-iPhone/5.1 (4; 16GB; dt:27),49.178.4.199,,,,,,2012-03-30T10:43:14Z,,210000045551074,Visa,AUD,No
1332525800,2012-03-31T03:36:37Z,iOS and tvOS Apps,482482373,Face Juggler PLUS,I THINK & DO LTD,,,$1.99,a669b0843879539a0cccc08870bf75308740a3b1,iTunes-iPhone/5.1 (4; 16GB; dt:27),49.178.2.94,,126031702538,04/01/2012,$0.54,$5.98,2012-03-30T10:43:14Z,MGVN4BJLG3,210000045551074,Visa,AUD,No
1332525800,2012-03-30T10:43:14Z,Albums,491806821,Into the Woods - EP,Universal Music International,,,$3.99,D49A20D6B93E,iTunes/10.6 (Macintosh; Intel Mac OS X 10.6.8) AppleWebKit/534.52.7,129.180.149.209,,126031702538,04/01/2012,$0.54,$5.98,2012-03-30T10:43:14Z,MGVN4BJLG3,210000045551074,Visa,AUD,No
1332525800,2012-03-22T08:51:40Z,Books,361528760,The Bishop and Other Stories,Project Gutenberg,,,$0.00,a669b0843879539a0cccc08870bf75308740a3b1,iTunes-iPhone/5.1 (4; 16GB; dt:27),49.178.5.174,,,,,,2012-03-22T08:51:09Z,,210000045551074,Visa,AUD,No
1332525800,2012-03-22T08:51:09Z,Books,361531774,"Plays by Anton Chekhov, Second Series",Project Gutenberg,,,$0.00,a669b0843879539a0cccc08870bf75308740a3b1,iTunes-iPhone/5.1 (4; 16GB; dt:27),49.178.5.174,,,,,,2012-03-22T08:51:09Z,,210000045551074,Visa,AUD,No
1332525800,2012-03-19T02:47:06Z,Albums,453677309,Memory Lane,The Orchard Enterprises Inc.,,,$18.99,D49A20D6B93E,iTunes/10.6 (Macintosh; Intel Mac OS X 10.6.8) AppleWebKit/534.52.7,129.180.173.242,,216030819263,03/21/2012,$1.73,$18.99,2012-03-19T02:47:06Z,MGVN2M52DV,210000045551074,Visa,AUD,No
1332525800,2012-03-15T06:29:55Z,Books,361537581,The Coral Island,Project Gutenberg,,,$0.00,a669b0843879539a0cccc08870bf75308740a3b1,iTunes-iPhone/5.1 (4; 16GB; dt:27),1.42.212.124,,,,,,2012-03-13T21:23:05Z,,210000045551074,Visa,AUD,No
1332525800,2012-03-10T13:25:14Z,Songs,338654152,Patterns,CD Baby / Hit Media,338654115,Lost Animals,$1.69,D49A20D6B93E,iTunes/10.6 (Macintosh; Intel Mac OS X 10.6.8) AppleWebKit/534.52.7,129.180.149.209,,201030284425,03/12/2012,$1.54,$16.90,2012-03-10T04:15:11Z,MGVN18HFT8,210000045551074,Visa,AUD,No
1332525800,2012-03-10T13:25:14Z,Songs,338654127,Indiana Sky,CD Baby / Hit Media,338654115,Lost Animals,$1.69,D49A20D6B93E,iTunes/10.6 (Macintosh; Intel Mac OS X 10.6.8) AppleWebKit/534.52.7,129.180.149.209,,201030284425,03/12/2012,$1.54,$16.90,2012-03-10T04:15:11Z,MGVN18HFT8,210000045551074,Visa,AUD,No
1332525800,2012-03-10T13:25:14Z,Songs,338654135,Be Set Free,CD Baby / Hit Media,338654115,Lost Animals,$1.69,D49A20D6B93E,iTunes/10.6 (Macintosh; Intel Mac OS X 10.6.8) AppleWebKit/534.52.7,129.180.149.209,,201030284425,03/12/2012,$1.54,$16.90,2012-03-10T04:15:11Z,MGVN18HFT8,210000045551074,Visa,AUD,No
1332525800,2012-03-10T13:25:14Z,Songs,338654125,107,CD Baby / Hit Media,338654115,Lost Animals,$1.69,D49A20D6B93E,iTunes/10.6 (Macintosh; Intel Mac OS X 10.6.8) AppleWebKit/534.52.7,129.180.149.209,,201030284425,03/12/2012,$1.54,$16.90,2012-03-10T04:15:11Z,MGVN18HFT8,210000045551074,Visa,AUD,No
1332525800,2012-03-10T13:25:14Z,Songs,338654175,And What Remains,CD Baby / Hit Media,338654115,Lost Animals,$1.69,D49A20D6B93E,iTunes/10.6 (Macintosh; Intel Mac OS X 10.6.8) AppleWebKit/534.52.7,129.180.149.209,,201030284425,03/12/2012,$1.54,$16.90,2012-03-10T04:15:11Z,MGVN18HFT8,210000045551074,Visa,AUD,No
1332525800,2012-03-10T13:25:14Z,Songs,338654154,Children of the Earth,CD Baby / Hit Media,338654115,Lost Animals,$1.69,D49A20D6B93E,iTunes/10.6 (Macintosh; Intel Mac OS X 10.6.8) AppleWebKit/534.52.7,129.180.149.209,,201030284425,03/12/2012,$1.54,$16.90,2012-03-10T04:15:11Z,MGVN18HFT8,210000045551074,Visa,AUD,No
1332525800,2012-03-10T13:25:14Z,Songs,338654123,All Creatures,CD Baby / Hit Media,338654115,Lost Animals,$1.69,D49A20D6B93E,iTunes/10.6 (Macintosh; Intel Mac OS X 10.6.8) AppleWebKit/534.52.7,129.180.149.209,,201030284425,03/12/2012,$1.54,$16.90,2012-03-10T04:15:11Z,MGVN18HFT8,210000045551074,Visa,AUD,No
1332525800,2012-03-10T13:25:14Z,Songs,338654130,Just Doin' Your Thing,CD Baby / Hit Media,338654115,Lost Animals,$1.69,D49A20D6B93E,iTunes/10.6 (Macintosh; Intel Mac OS X 10.6.8) AppleWebKit/534.52.7,129.180.149.209,,201030284425,03/12/2012,$1.54,$16.90,2012-03-10T04:15:11Z,MGVN18HFT8,210000045551074,Visa,AUD,No
1332525800,2012-03-10T13:25:14Z,Songs,338654124,Rainbow,CD Baby / Hit Media,338654115,Lost Animals,$1.69,D49A20D6B93E,iTunes/10.6 (Macintosh; Intel Mac OS X 10.6.8) AppleWebKit/534.52.7,129.180.149.209,,201030284425,03/12/2012,$1.54,$16.90,2012-03-10T04:15:11Z,MGVN18HFT8,210000045551074,Visa,AUD,No
1332525800,2012-03-10T13:25:14Z,Songs,338654124,Rainbow,CD Baby / Hit Media,338654115,Lost Animals,$1.69,D49A20D6B93E,iTunes/10.6 (Macintosh; Intel Mac OS X 10.6.8) AppleWebKit/534.52.7,129.180.149.209,,201030284425,03/12/2012,$1.54,$16.90,2012-03-10T04:15:11Z,MGVN18HFT8,210000045551074,Visa,AUD,No
1332525800,2012-03-10T04:15:11Z,Books,395687482,The Consolation of Philosophy,Public Domain,,,$0.00,a669b0843879539a0cccc08870bf75308740a3b1,iTunes-iPhone/5.1 (4; 16GB; dt:27),1.41.131.222,,,,,,2012-03-10T04:15:11Z,,210000045551074,Visa,AUD,No
1332525800,2012-03-09T09:26:51Z,Albums,451630592,Torches,Sony Music,,,$14.99,D49A20D6B93E,iTunes/10.6 (Macintosh; Intel Mac OS X 10.6.8) AppleWebKit/534.52.7,129.180.149.209,,121030278755,03/09/2012,$1.36,$14.99,2012-03-07T23:46:34Z,MGVN0XHXT7,210000045551074,Visa,AUD,No
1332525800,2012-03-09T09:14:45Z,Books,395543626,Robinson Crusoe,Public Domain,,,$0.00,a669b0843879539a0cccc08870bf75308740a3b1,iTunes-iPhone/5.0.1 (4; 16GB),49.185.247.58,,,,,,2012-03-07T23:46:34Z,,210000045551074,Visa,AUD,No
1332525800,2012-03-07T23:53:27Z,Books,361710445,The Project Gutenberg Works Of Plato,Project Gutenberg,,,$0.00,a669b0843879539a0cccc08870bf75308740a3b1,iTunes-iPhone/5.0.1 (4; 16GB),49.185.247.58,,,,,,2012-03-07T23:46:34Z,,210000045551074,Visa,AUD,No
1332525800,2012-03-07T23:46:34Z,Books,361694253,Pascal's Pensées,Project Gutenberg,,,$0.00,a669b0843879539a0cccc08870bf75308740a3b1,iTunes-iPhone/5.0.1 (4; 16GB),49.185.247.58,,,,,,2012-03-07T23:46:34Z,,210000045551074,Visa,AUD,No
1332525800,2012-03-05T11:56:12Z,In-App Purchases,472313559,Auto Timer and Non-Stop Video Recording,CodeCraft Technologies Private Limited,472303984,Quick Lapse HD,$0.99,a669b0843879539a0cccc08870bf75308740a3b1,iTunes-iPhone/5.0.1 (4; 16GB),129.180.165.186,,173030148633,03/05/2012,$0.09,$0.99,2012-03-04T11:54:29Z,MGVN0GJHX8,210000045551074,Visa,AUD,No
1332525800,2012-02-26T22:58:38Z,Books,495100698,"Dirty Hot Mess, An Erotic Short Story",Smashwords,,,$0.00,a669b0843879539a0cccc08870bf75308740a3b1,iTunes-iPhone/5.0.1 (4; 16GB),1.40.218.114,,,,,,2012-02-26T22:47:48Z,,210000045551074,Visa,AUD,No
1332525800,2012-02-26T22:47:48Z,Books,412775573,Erotic Tales: Ride A Cock Horse (Revised),Smashwords,,,$0.00,a669b0843879539a0cccc08870bf75308740a3b1,iTunes-iPhone/5.0.1 (4; 16GB),49.178.128.4,,,,,,2012-02-26T22:47:48Z,,210000045551074,Visa,AUD,No
1332525800,2012-02-23T08:12:49Z,Books,361575533,The Essays of Montaigne — Complete,Project Gutenberg,,,$0.00,D49A20D6B93E,iTunes/10.5.3 (Macintosh; Intel Mac OS X 10.6.8) AppleWebKit/534.52.7,129.180.149.209,,,,,,2012-02-23T03:56:46Z,,210000045551074,Visa,AUD,No
1332525800,2012-02-16T02:20:05Z,Mac Apps,412286226,Wiki Offline — A Wikipedia Experience,"Avocado Hills, Inc.",,,$10.49,D49A20D6B93E,MacAppStore/1.0.2 (Macintosh; U; Intel Mac OS X 10.6.8; English) AppleWebKit/534.52.7,129.180.149.209,,198029269204,02/16/2012,$0.95,$10.49,2012-02-16T00:52:57Z,MGVMY7GLT4,210000045551074,Visa,AUD,No
1332525800,2012-01-30T01:15:42Z,Albums,210724996,PARK LOS ANGELES,CD Baby / Hit Media,,,$16.99,D49A20D6B93E,iTunes/10.5.3 (Macintosh; Intel Mac OS X 10.6.8) AppleWebKit/534.52.7,49.185.214.234,,146028649938,02/01/2012,$1.54,$16.99,2012-01-30T01:15:42Z,MGVMW49JHB,210000045551074,Visa,AUD,No
1332525800,2012-01-30T00:22:06Z,Albums,449134521,Making Mirrors,Universal Music International,,,$16.99,D49A20D6B93E,iTunes/10.5.3 (Macintosh; Intel Mac OS X 10.6.8) AppleWebKit/534.52.7,49.185.214.234,,114029210173,01/30/2012,$2.77,$30.47,2012-01-28T03:42:34Z,MGVMVXSLZF,210000045551074,Visa,AUD,No
1332525800,2012-01-28T17:04:24Z,Albums,393889160,Transition to Colour - EP,Universal Music International,,,$7.49,D49A20D6B93E,iTunes/10.5.3 (Macintosh; Intel Mac OS X 10.6.8) AppleWebKit/534.52.7,60.240.11.31,,114029210173,01/30/2012,$2.77,$30.47,2012-01-28T03:42:34Z,MGVMVXSLZF,210000045551074,Visa,AUD,No
1332525800,2012-01-28T17:02:29Z,Albums,474650005,Into the Flame - EP,Universal Music International,,,$5.99,D49A20D6B93E,iTunes/10.5.3 (Macintosh; Intel Mac OS X 10.6.8) AppleWebKit/534.52.7,60.240.11.31,,114029210173,01/30/2012,$2.77,$30.47,2012-01-28T03:42:34Z,MGVMVXSLZF,210000045551074,Visa,AUD,No
1332525800,2012-01-25T07:04:26Z,Albums,378775550,Conditions (Tour Edition),Liberation,,,$20.99,D49A20D6B93E,iTunes/10.5.2 (Macintosh; Intel Mac OS X 10.6.8) AppleWebKit/534.52.7,49.179.9.74,,183028488979,01/27/2012,$1.91,$20.99,2012-01-25T07:04:26Z,MGVMVK6357,210000045551074,Visa,AUD,No
1332525800,2012-01-20T08:02:14Z,Albums,474638708,100 Masterpieces,Independent Distribution On Line,,,$9.99,D49A20D6B93E,iTunes/10.5.2 (Macintosh; Intel Mac OS X 10.6.8) AppleWebKit/534.52.7,60.240.11.31,,146028219989,01/22/2012,$0.91,$9.99,2012-01-20T08:02:14Z,MGVMTZTSJ6,210000045551074,Visa,AUD,No
1332525800,2012-01-20T07:10:20Z,Albums,14149986,Four Women: The Complete Nina Simone On Philips (Box Set),Universal Music International,,,$31.99,D49A20D6B93E,iTunes/10.5.2 (Macintosh; Intel Mac OS X 10.6.8) AppleWebKit/534.52.7,60.240.11.31,,185028308759,01/20/2012,$2.91,$31.99,2012-01-19T05:43:15Z,MGVMTVVGNN,210000045551074,Visa,AUD,No
1332525800,2012-01-08T12:30:23Z,Books,429817459,Seducing Jason,Smashwords,,,$0.00,a669b0843879539a0cccc08870bf75308740a3b1,iTunes-iPhone/5.0.1 (4; 16GB),175.33.195.235,,,,,,2012-01-07T23:35:48Z,,210000045551074,Visa,AUD,No
1332525800,2012-01-07T23:35:48Z,Books,453366160,Unwrapped (an Erotic Short Story),Smashwords,,,$0.00,a669b0843879539a0cccc08870bf75308740a3b1,iTunes-iPhone/5.0.1 (4; 16GB),110.21.245.196,,,,,,2012-01-07T23:35:48Z,,210000045551074,Visa,AUD,No
1332525800,2012-01-06T08:08:17Z,Books,431505888,Big Girl Love: Erotica Romance Short Story,Smashwords,,,$0.00,a669b0843879539a0cccc08870bf75308740a3b1,iTunes-iPhone/5.0.1 (4; 16GB),175.32.85.1,,,,,,2012-01-05T06:13:01Z,,210000045551074,Visa,AUD,No
1332525800,2012-01-05T16:12:12Z,Books,446062153,,,,,$0.00,a669b0843879539a0cccc08870bf75308740a3b1,iTunes-iPhone/5.0.1 (4; 16GB),49.185.29.187,,,,,,2012-01-05T06:13:01Z,,210000045551074,Visa,AUD,No
1332525800,2012-01-05T06:13:01Z,In-App Purchases,464265637,Pro,Tidal Pool Software,303114617,Receipts - Upload business expense reports to Dropbox and Evernote,$5.49,a669b0843879539a0cccc08870bf75308740a3b1,iTunes-iPhone/5.0.1 (4; 16GB),49.179.95.27,,206027554232,01/07/2012,$0.50,$5.49,2012-01-05T06:13:01Z,MGVMS7XZMW,210000045551074,Visa,AUD,No
1332525800,2011-12-28T22:49:00Z,Albums,449085132,Moonfire,Universal Music International,,,$12.99,D49A20D6B93E,iTunes/10.5.2 (Macintosh; Intel Mac OS X 10.6.8) AppleWebKit/534.52.7,60.240.11.31,,166027228947,12/29/2011,$1.18,$12.99,2011-12-27T01:03:04Z,MGVMQ8KSWM,210000045551074,Visa,AUD,No
1332525800,2011-12-22T13:16:25Z,Albums,45220216,Frances the Mute,Universal Music International,,,$10.99,D49A20D6B93E,iTunes/10.5.2 (Macintosh; Intel Mac OS X 10.6.8) AppleWebKit/534.52.7,60.240.11.31,,146026516429,12/23/2011,$4.09,$44.96,2011-12-22T12:52:51Z,MGVMNMHJ64,210000045551074,Visa,AUD,No
1332525800,2011-12-22T13:11:05Z,Albums,289072736,Only By the Night,Sony Music,,,$9.99,D49A20D6B93E,iTunes/10.5.2 (Macintosh; Intel Mac OS X 10.6.8) AppleWebKit/534.52.7,60.240.11.31,,146026516429,12/23/2011,$4.09,$44.96,2011-12-22T12:52:51Z,MGVMNMHJ64,210000045551074,Visa,AUD,No
1332525800,2011-12-22T12:58:48Z,Albums,291355676,Walking On a Dream,DO NOT USE - EMI Music,,,$9.99,D49A20D6B93E,iTunes/10.5.2 (Macintosh; Intel Mac OS X 10.6.8) AppleWebKit/534.52.7,60.240.11.31,,146026516429,12/23/2011,$4.09,$44.96,2011-12-22T12:52:51Z,MGVMNMHJ64,210000045551074,Visa,AUD,No
1332525800,2011-12-22T12:52:51Z,Albums,275747296,The Seldom Seen Kid,Universal Music International,,,$13.99,D49A20D6B93E,iTunes/10.5.2 (Macintosh; Intel Mac OS X 10.6.8) AppleWebKit/534.52.7,60.240.11.31,,146026516429,12/23/2011,$4.09,$44.96,2011-12-22T12:52:51Z,MGVMNMHJ64,210000045551074,Visa,AUD,No
1332525800,2011-12-22T12:09:03Z,iOS and tvOS Apps,385756768,Dictionary.com Pro Learn Words,"Dictionary.com, LLC",,,$2.99,a669b0843879539a0cccc08870bf75308740a3b1,iTunes-iPhone/5.0.1 (4; 16GB),60.240.11.31,,166026838631,12/22/2011,$0.27,$2.99,2011-12-21T14:19:51Z,MGVMNFXMYX,210000045551074,Visa,AUD,No
1332525800,2011-12-09T16:19:03Z,iOS and tvOS Apps,342115564,Hipstamatic Classic,"Hipstamatic, LLC",,,$0.99,a669b0843879539a0cccc08870bf75308740a3b1,iTunes-iPhone/5.0.1 (4; 16GB),110.21.23.231,,178026255106,12/12/2011,$0.09,$0.99,2011-12-09T16:19:03Z,MGVMLHV9VK,210000045551074,Visa,AUD,No
1332525800,2011-11-16T07:03:16Z,In-App Purchases,346368941,Goofy Mad Libs (21 stories),Pearson PLC,326885152,Mad Libs,$4.49,a669b0843879539a0cccc08870bf75308740a3b1,iTunes-iPhone/5.0 (4; 16GB),129.180.165.186,,191025360169,11/18/2011,$0.82,$8.98,2011-11-15T13:33:45Z,MGVMH7SWLW,210000045551074,Visa,AUD,No
1332525800,2011-11-15T13:33:45Z,In-App Purchases,346367543,Cool Mad Libs (21 stories),Pearson PLC,326885152,Mad Libs,$4.49,a669b0843879539a0cccc08870bf75308740a3b1,iTunes-iPhone/5.0 (4; 16GB),49.182.96.32,,191025360169,11/18/2011,$0.82,$8.98,2011-11-15T13:33:45Z,MGVMH7SWLW,210000045551074,Visa,AUD,No
1332525800,2011-11-14T10:11:11Z,Songs,452975015,Holiday,Redeye Distribution,452975008,Night Bats - EP,$1.69,D49A20D6B93E,iTunes/10.5 (Macintosh; Intel Mac OS X 10.6.8) AppleWebKit/534.51.22,129.180.149.209,,147025144716,11/16/2011,$0.77,$8.45,2011-11-14T10:11:11Z,MGVMH3ZW1J,210000045551074,Visa,AUD,No
1332525800,2011-11-14T10:11:11Z,Songs,452975019,Wax & Wire,Redeye Distribution,452975008,Night Bats - EP,$1.69,D49A20D6B93E,iTunes/10.5 (Macintosh; Intel Mac OS X 10.6.8) AppleWebKit/534.51.22,129.180.149.209,,147025144716,11/16/2011,$0.77,$8.45,2011-11-14T10:11:11Z,MGVMH3ZW1J,210000045551074,Visa,AUD,No
1332525800,2011-11-14T10:11:11Z,Songs,452975014,Spine (MMIX),Redeye Distribution,452975008,Night Bats - EP,$1.69,D49A20D6B93E,iTunes/10.5 (Macintosh; Intel Mac OS X 10.6.8) AppleWebKit/534.51.22,129.180.149.209,,147025144716,11/16/2011,$0.77,$8.45,2011-11-14T10:11:11Z,MGVMH3ZW1J,210000045551074,Visa,AUD,No
1332525800,2011-11-14T10:11:11Z,Songs,452975011,Ghost of an Earthworm,Redeye Distribution,452975008,Night Bats - EP,$1.69,D49A20D6B93E,iTunes/10.5 (Macintosh; Intel Mac OS X 10.6.8) AppleWebKit/534.51.22,129.180.149.209,,147025144716,11/16/2011,$0.77,$8.45,2011-11-14T10:11:11Z,MGVMH3ZW1J,210000045551074,Visa,AUD,No
1332525800,2011-11-14T10:11:11Z,Songs,452975012,Night Bats,Redeye Distribution,452975008,Night Bats - EP,$1.69,D49A20D6B93E,iTunes/10.5 (Macintosh; Intel Mac OS X 10.6.8) AppleWebKit/534.51.22,129.180.149.209,,147025144716,11/16/2011,$0.77,$8.45,2011-11-14T10:11:11Z,MGVMH3ZW1J,210000045551074,Visa,AUD,No
1332525800,2011-11-11T01:22:00Z,Movie Rentals,434628870,The Adjustment Bureau,Universal Studios Home Entertainment,,,$3.99,D49A20D6B93E,iTunes/10.5 (Macintosh; Intel Mac OS X 10.6.8) AppleWebKit/534.51.22,129.180.149.209,,161025420835,11/13/2011,$0.36,$3.99,2011-11-11T01:22:00Z,MGVMGMV7B1,210000045551074,Visa,AUD,No
1332525800,2011-11-07T10:20:35Z,Albums,425059566,Helplessness Blues,Sub Pop Records,,,$13.99,D49A20D6B93E,iTunes/10.5 (Macintosh; Intel Mac OS X 10.6.8) AppleWebKit/534.51.22,129.180.173.242,,142024939391,11/09/2011,$1.27,$13.99,2011-11-07T10:20:35Z,MGVMG5BSF0,210000045551074,Visa,AUD,No
1332525800,2011-11-04T12:10:32Z,Movie Rentals,451688301,Dog Pound,Hopscotch Film Distributors Pty Ltd,,,$5.99,D49A20D6B93E,iTunes/10.5 (Macintosh; Intel Mac OS X 10.6.8) AppleWebKit/534.51.22,129.180.149.209,,136025031205,11/06/2011,$0.54,$5.99,2011-11-04T12:10:32Z,MGVMFQJ889,210000045551074,Visa,AUD,No
1332525800,2011-10-29T01:00:02Z,Albums,23533494,Parachutes,DO NOT USE - EMI Music,,,$9.99,D49A20D6B93E,iTunes/10.5 (Macintosh; Intel Mac OS X 10.6.8) AppleWebKit/534.51.22,129.180.149.209,,190024450665,10/30/2011,$1.82,$19.98,2011-10-27T22:41:13Z,MGVMDFDHJL,210000045551074,Visa,AUD,No
1332525800,2011-10-29T00:58:39Z,Albums,16028892,A Rush of Blood to the Head,DO NOT USE - EMI Music,,,$9.99,D49A20D6B93E,iTunes/10.5 (Macintosh; Intel Mac OS X 10.6.8) AppleWebKit/534.51.22,129.180.149.209,,190024450665,10/30/2011,$1.82,$19.98,2011-10-27T22:41:13Z,MGVMDFDHJL,210000045551074,Visa,AUD,No
1332525800,2011-10-27T22:01:33Z,Albums,208094249,Ghost,Morr Music,,,$16.99,D49A20D6B93E,iTunes/10.5 (Macintosh; Intel Mac OS X 10.6.8) AppleWebKit/534.51.22,129.180.149.209,,145024422939,10/28/2011,$3.09,$33.98,2011-10-27T22:00:56Z,MGVMDF6MWS,210000045551074,Visa,AUD,No
1332525800,2011-10-27T22:00:56Z,Albums,468825218,The Family Tree Presents the Roots (Deluxe Edition),"TuneCore, Inc",,,$16.99,D49A20D6B93E,iTunes/10.5 (Macintosh; Intel Mac OS X 10.6.8) AppleWebKit/534.51.22,129.180.149.209,,145024422939,10/28/2011,$3.09,$33.98,2011-10-27T22:00:56Z,MGVMDF6MWS,210000045551074,Visa,AUD,No
1332525800,2011-10-27T21:51:34Z,Albums,464877410,Ceremonials (Deluxe Version),Universal Music International,,,$22.99,D49A20D6B93E,iTunes/10.5 (Macintosh; Intel Mac OS X 10.6.8) AppleWebKit/534.51.22,129.180.149.209,,145024422938,10/28/2011,$2.09,$22.99,2011-10-26T02:53:26Z,MGVMD3JV9W,210000045551074,Visa,AUD,No
1332525800,2011-10-19T11:07:15Z,Mac Apps,464050545,Algodoo Physics,Algoryx Simulation AB,,,$19.99,D49A20D6B93E,MacAppStore/1.0.2 (Macintosh; U; Intel Mac OS X 10.6.8; English) AppleWebKit/534.51.22,129.180.149.209,,216024250987,10/21/2011,$1.82,$19.99,2011-10-19T11:07:15Z,MGVM9SZJLF,210000045551074,Visa,AUD,No
1332525800,2011-10-17T01:41:16Z,iOS and tvOS Apps,312220102,MindNode 4,IdeasOnCanvas GmbH,,,$6.49,a669b0843879539a0cccc08870bf75308740a3b1,iTunes-iPhone/4.3.5 (4; 16GB),129.180.165.186,,158024371871,10/19/2011,$0.59,$6.49,2011-10-17T01:41:16Z,MGVM98QW7T,210000045551074,Visa,AUD,No
1332525800,2011-10-13T14:43:47Z,Movie Rentals,389476659,The Girl With the Dragon Tattoo,Roadshow Films PTY LTD,,,$5.99,D49A20D6B93E,iTunes/10.4.1 (Macintosh; Intel Mac OS X 10.6.8) AppleWebKit/534.50,129.180.149.209,,125024014683,10/16/2011,$0.54,$5.99,2011-10-13T14:43:47Z,MGVM895LGK,210000045551074,Visa,AUD,No
1332525800,2011-10-11T11:00:29Z,Albums,320968417,"For Emma, Forever Ago (Bonus Track Version)",Inertia Digital / Inertia Dist. (Australia),,,$11.99,D49A20D6B93E,iTunes/10.4.1 (Macintosh; Intel Mac OS X 10.6.8) AppleWebKit/534.50,129.180.149.209,,208023631565,10/13/2011,$1.09,$11.99,2011-10-11T11:00:29Z,MGVM7MQ4BM,210000045551074,Visa,AUD,No
1332525800,2011-10-11T10:59:45Z,Albums,436763629,Bon Iver,Inertia Digital / Inertia Dist. (Australia),,,$16.99,D49A20D6B93E,iTunes/10.4.1 (Macintosh; Intel Mac OS X 10.6.8) AppleWebKit/534.50,129.180.149.209,,193023871383,10/11/2011,$3.09,$33.98,2011-10-11T10:46:35Z,MGVM7MMQDY,210000045551074,Visa,AUD,No
1332525800,2011-10-11T10:46:35Z,Albums,300375500,In Our Nature,Regency Media Pty Ltd (formerly Shock Records),,,$16.99,D49A20D6B93E,iTunes/10.4.1 (Macintosh; Intel Mac OS X 10.6.8) AppleWebKit/534.50,129.180.149.209,,193023871383,10/11/2011,$3.09,$33.98,2011-10-11T10:46:35Z,MGVM7MMQDY,210000045551074,Visa,AUD,No
1332525800,2011-10-07T15:50:36Z,Albums,414947410,Kismet,CD Baby / Hit Media,,,$16.99,D49A20D6B93E,iTunes/10.4.1 (Macintosh; Intel Mac OS X 10.6.8) AppleWebKit/534.50,129.180.149.209,,191024001376,10/10/2011,$1.54,$16.99,2011-10-07T15:50:36Z,MGVM70T5NJ,210000045551074,Visa,AUD,No
1332525800,2011-10-07T15:48:26Z,Albums,465229930,Prisoner,MGM (Metropolitan Groove Merchants),,,$16.99,D49A20D6B93E,iTunes/10.4.1 (Macintosh; Intel Mac OS X 10.6.8) AppleWebKit/534.50,129.180.149.209,,196023770790,10/08/2011,$3.86,$42.47,2011-10-07T15:30:58Z,MGVM70QBZX,210000045551074,Visa,AUD,No
1332525800,2011-10-07T15:42:59Z,Albums,207090010,More Best of Leonard Cohen,Sony Music,,,$16.99,D49A20D6B93E,iTunes/10.4.1 (Macintosh; Intel Mac OS X 10.6.8) AppleWebKit/534.50,129.180.149.209,,196023770790,10/08/2011,$3.86,$42.47,2011-10-07T15:30:58Z,MGVM70QBZX,210000045551074,Visa,AUD,No
1332525800,2011-10-07T15:30:58Z,Albums,353032605,Broken Bells,Sony Music,,,$8.49,D49A20D6B93E,iTunes/10.4.1 (Macintosh; Intel Mac OS X 10.6.8) AppleWebKit/534.50,129.180.149.209,,196023770790,10/08/2011,$3.86,$42.47,2011-10-07T15:30:58Z,MGVM70QBZX,210000045551074,Visa,AUD,No
1332525800,2011-10-05T03:26:03Z,Movie Rentals,294561094,Snatch,Sony Pictures Entertainment,,,$3.99,D49A20D6B93E,iTunes/10.4.1 (Macintosh; Intel Mac OS X 10.6.8) AppleWebKit/534.50,129.180.149.209,,173023764391,10/07/2011,$0.36,$3.99,2011-10-05T03:26:03Z,MGVM6M9W1Q,210000045551074,Visa,AUD,No
1332525800,2011-10-02T23:51:33Z,TV Seasons,389848045,"Community, Season 2",Sony Pictures Entertainment,,,$54.99,D49A20D6B93E,iTunes/10.4.1 (Macintosh; Intel Mac OS X 10.6.8) AppleWebKit/534.50,129.180.149.209,,182023990081,10/03/2011,$6.91,$75.96,2011-10-01T13:45:37Z,MGVM63T5KZ,210000045551074,Visa,AUD,No
1332525800,2011-10-01T13:46:17Z,Albums,301162662,The Man Is Dead - EP,MGM (Metropolitan Groove Merchants),,,$6.99,D49A20D6B93E,iTunes/10.4.1 (Macintosh; Intel Mac OS X 10.6.8) AppleWebKit/534.50,129.180.149.209,,182023990081,10/03/2011,$6.91,$75.96,2011-10-01T13:45:37Z,MGVM63T5KZ,210000045551074,Visa,AUD,No
1332525800,2011-10-01T13:45:57Z,Albums,338059129,She's So Hard - EP,MGM (Metropolitan Groove Merchants),,,$6.99,D49A20D6B93E,iTunes/10.4.1 (Macintosh; Intel Mac OS X 10.6.8) AppleWebKit/534.50,129.180.149.209,,182023990081,10/03/2011,$6.91,$75.96,2011-10-01T13:45:37Z,MGVM63T5KZ,210000045551074,Visa,AUD,No
1332525800,2011-10-01T13:45:37Z,Albums,393077011,Dark Storm - EP,MGM (Metropolitan Groove Merchants),,,$6.99,D49A20D6B93E,iTunes/10.4.1 (Macintosh; Intel Mac OS X 10.6.8) AppleWebKit/534.50,129.180.149.209,,182023990081,10/03/2011,$6.91,$75.96,2011-10-01T13:45:37Z,MGVM63T5KZ,210000045551074,Visa,AUD,No
1332525800,2011-10-01T13:44:50Z,TV Seasons,380740399,"Community, Season 1",Sony Pictures Entertainment,,,$24.99,D49A20D6B93E,iTunes/10.4.1 (Macintosh; Intel Mac OS X 10.6.8) AppleWebKit/534.50,129.180.149.209,,118024101538,10/01/2011,$2.27,$24.99,2011-09-30T13:38:36Z,MGVM5ZJ5QJ,210000045551074,Visa,AUD,No
1332525800,2011-09-18T23:27:07Z,Albums,252017656,Whatever and Ever Amen (Remastered Edition),Sony Music,,,$16.99,D49A20D6B93E,iTunes/10.4.1 (Macintosh; Intel Mac OS X 10.6.8) AppleWebKit/534.50,60.240.11.31,,113023022764,09/19/2011,$3.36,$36.98,2011-09-18T23:21:28Z,MGVM4GD81B,210000045551074,Visa,AUD,No
1332525800,2011-09-18T23:21:28Z,Albums,319423336,Lungs (Deluxe),Universal Music International,,,$19.99,D49A20D6B93E,iTunes/10.4.1 (Macintosh; Intel Mac OS X 10.6.8) AppleWebKit/534.50,60.240.11.31,,113023022764,09/19/2011,$3.36,$36.98,2011-09-18T23:21:28Z,MGVM4GD81B,210000045551074,Visa,AUD,No
1332525800,2011-09-18T13:08:08Z,Movie Purchases,385696824,The Book of Eli,Sony Pictures Entertainment,,,$12.99,D49A20D6B93E,iTunes/10.4.1 (Macintosh; Intel Mac OS X 10.6.8) AppleWebKit/534.50,60.240.11.31,,174023305754,09/18/2011,$1.18,$12.99,2011-09-17T11:05:10Z,MGVM46ZQ1L,210000045551074,Visa,AUD,No
1332525800,2011-09-13T10:26:11Z,Songs,285407659,Hei Hei,"TuneCore, Inc",285407587,Na Na Ni,$1.69,D49A20D6B93E,iTunes/10.4.1 (Macintosh; Intel Mac OS X 10.6.8) AppleWebKit/534.50,129.180.173.242,,177023167483,09/15/2011,$1.54,$16.90,2011-09-13T10:26:11Z,MGVM3MD0NJ,210000045551074,Visa,AUD,No
1332525800,2011-09-13T10:26:11Z,Songs,285407679,1986,"TuneCore, Inc",285407587,Na Na Ni,$1.69,D49A20D6B93E,iTunes/10.4.1 (Macintosh; Intel Mac OS X 10.6.8) AppleWebKit/534.50,129.180.173.242,,177023167483,09/15/2011,$1.54,$16.90,2011-09-13T10:26:11Z,MGVM3MD0NJ,210000045551074,Visa,AUD,No
1332525800,2011-09-13T10:26:11Z,Songs,285407752,Na Na Ni,"TuneCore, Inc",285407587,Na Na Ni,$1.69,D49A20D6B93E,iTunes/10.4.1 (Macintosh; Intel Mac OS X 10.6.8) AppleWebKit/534.50,129.180.173.242,,177023167483,09/15/2011,$1.54,$16.90,2011-09-13T10:26:11Z,MGVM3MD0NJ,210000045551074,Visa,AUD,No
1332525800,2011-09-13T10:26:11Z,Songs,285407744,Angora Sleepwalking,"TuneCore, Inc",285407587,Na Na Ni,$1.69,D49A20D6B93E,iTunes/10.4.1 (Macintosh; Intel Mac OS X 10.6.8) AppleWebKit/534.50,129.180.173.242,,177023167483,09/15/2011,$1.54,$16.90,2011-09-13T10:26:11Z,MGVM3MD0NJ,210000045551074,Visa,AUD,No
1332525800,2011-09-13T10:26:11Z,Songs,285407631,Alina's Place,"TuneCore, Inc",285407587,Na Na Ni,$1.69,D49A20D6B93E,iTunes/10.4.1 (Macintosh; Intel Mac OS X 10.6.8) AppleWebKit/534.50,129.180.173.242,,177023167483,09/15/2011,$1.54,$16.90,2011-09-13T10:26:11Z,MGVM3MD0NJ,210000045551074,Visa,AUD,No
1332525800,2011-09-13T10:26:11Z,Songs,285407724,Ninkon Loops,"TuneCore, Inc",285407587,Na Na Ni,$1.69,D49A20D6B93E,iTunes/10.4.1 (Macintosh; Intel Mac OS X 10.6.8) AppleWebKit/534.50,129.180.173.242,,177023167483,09/15/2011,$1.54,$16.90,2011-09-13T10:26:11Z,MGVM3MD0NJ,210000045551074,Visa,AUD,No
1332525800,2011-09-13T10:26:11Z,Songs,285407752,Na Na Ni,"TuneCore, Inc",285407587,Na Na Ni,$1.69,D49A20D6B93E,iTunes/10.4.1 (Macintosh; Intel Mac OS X 10.6.8) AppleWebKit/534.50,129.180.173.242,,177023167483,09/15/2011,$1.54,$16.90,2011-09-13T10:26:11Z,MGVM3MD0NJ,210000045551074,Visa,AUD,No
1332525800,2011-09-13T10:26:11Z,Songs,285407744,Angora Sleepwalking,"TuneCore, Inc",285407587,Na Na Ni,$1.69,D49A20D6B93E,iTunes/10.4.1 (Macintosh; Intel Mac OS X 10.6.8) AppleWebKit/534.50,129.180.173.242,,177023167483,09/15/2011,$1.54,$16.90,2011-09-13T10:26:11Z,MGVM3MD0NJ,210000045551074,Visa,AUD,No
1332525800,2011-09-13T10:26:11Z,Songs,285407631,Alina's Place,"TuneCore, Inc",285407587,Na Na Ni,$1.69,D49A20D6B93E,iTunes/10.4.1 (Macintosh; Intel Mac OS X 10.6.8) AppleWebKit/534.50,129.180.173.242,,177023167483,09/15/2011,$1.54,$16.90,2011-09-13T10:26:11Z,MGVM3MD0NJ,210000045551074,Visa,AUD,No
1332525800,2011-09-13T10:26:11Z,Songs,285407724,Ninkon Loops,"TuneCore, Inc",285407587,Na Na Ni,$1.69,D49A20D6B93E,iTunes/10.4.1 (Macintosh; Intel Mac OS X 10.6.8) AppleWebKit/534.50,129.180.173.242,,177023167483,09/15/2011,$1.54,$16.90,2011-09-13T10:26:11Z,MGVM3MD0NJ,210000045551074,Visa,AUD,No
1332525800,2011-09-02T23:48:09Z,Albums,317333978,Far (Bonus Track Version),The Warner Music Group,,,$9.99,D49A20D6B93E,iTunes/10.4.1 (Macintosh; Intel Mac OS X 10.6.8) AppleWebKit/534.50,129.180.149.209,,113022573541,09/05/2011,$2.59,$28.47,2011-09-02T23:45:11Z,MGVM26LGZ4,210000045551074,Visa,AUD,No
1332525800,2011-09-02T23:46:24Z,Albums,157819402,Begin to Hope,The Warner Music Group,,,$9.99,D49A20D6B93E,iTunes/10.4.1 (Macintosh; Intel Mac OS X 10.6.8) AppleWebKit/534.50,129.180.149.209,,113022573541,09/05/2011,$2.59,$28.47,2011-09-02T23:45:11Z,MGVM26LGZ4,210000045551074,Visa,AUD,No
1332525800,2011-09-02T23:45:11Z,Albums,291811106,Way to Normal (Deluxe Version),Sony Music,,,$8.49,D49A20D6B93E,iTunes/10.4.1 (Macintosh; Intel Mac OS X 10.6.8) AppleWebKit/534.50,129.180.149.209,,113022573541,09/05/2011,$2.59,$28.47,2011-09-02T23:45:11Z,MGVM26LGZ4,210000045551074,Visa,AUD,No
1332525800,2011-08-27T14:39:51Z,Albums,283087422,Where the Light Is - John Mayer Live In Los Angeles,Sony Music,,,$20.99,D49A20D6B93E,iTunes/10.4.1 (Macintosh; Intel Mac OS X 10.6.8) AppleWebKit/534.50,129.180.173.242,,135022536859,08/28/2011,$1.91,$20.99,2011-08-26T03:44:55Z,MGVM14Z6L5,210000045551074,Visa,AUD,No
1332525800,2011-08-23T03:22:26Z,Mac Apps,409203825,Numbers,Apple Inc.,,,$20.99,D49A20D6B93E,MacAppStore/1.0.2 (Macintosh; U; Intel Mac OS X 10.6.8; English) AppleWebKit/534.50,129.180.173.242,,149022248330,08/25/2011,$1.91,$20.99,2011-08-23T03:22:26Z,MGVM0SZLQF,210000045551074,Visa,AUD,No
1332525800,2011-08-13T03:39:23Z,iOS and tvOS Apps,357828853,Ultimate Guitar: Chords & Tabs,Ultimate Guitar,,,$2.99,a669b0843879539a0cccc08870bf75308740a3b1,iTunes-iPhone/4.3.5 (4; 16GB),49.177.23.65,,215022217955,08/15/2011,$2.63,$28.97,2011-08-12T14:23:42Z,MGVLZ9L8VG,210000042784938,Visa,AUD,No
1332525800,2011-08-13T02:53:38Z,Movie Purchases,290531770,Fight Club,TWENTIETH CENTURY FOX FILM CORPORATION,,,$17.99,D49A20D6B93E,iTunes/10.4 (Macintosh; Intel Mac OS X 10.6.8) AppleWebKit/534.50,129.180.173.242,,215022217955,08/15/2011,$2.63,$28.97,2011-08-12T14:23:42Z,MGVLZ9L8VG,210000042784938,Visa,AUD,No
1332525800,2011-08-12T14:23:42Z,Movie Purchases,284441731,V for Vendetta,Warner Bros. Entertainment Inc.,,,$7.99,D49A20D6B93E,iTunes/10.4 (Macintosh; Intel Mac OS X 10.6.8) AppleWebKit/534.50,129.180.173.242,,215022217955,08/15/2011,$2.63,$28.97,2011-08-12T14:23:42Z,MGVLZ9L8VG,210000042784938,Visa,AUD,No
1332525800,2011-08-06T18:10:00Z,Albums,66314629,X & Y,DO NOT USE - EMI Music,,,$7.49,D49A20D6B93E,iTunes/10.4 (Macintosh; Intel Mac OS X 10.6.8) AppleWebKit/534.50,129.180.173.242,,197021697622,08/09/2011,$1.36,$14.98,2011-08-06T18:06:06Z,MGVLYG4Q4V,210000042784938,Visa,AUD,No
1332525800,2011-08-06T18:06:06Z,Albums,282535072,Viva la Vida or Death and All His Friends,DO NOT USE - EMI Music,,,$7.49,D49A20D6B93E,iTunes/10.4 (Macintosh; Intel Mac OS X 10.6.8) AppleWebKit/534.50,129.180.173.242,,197021697622,08/09/2011,$1.36,$14.98,2011-08-06T18:06:06Z,MGVLYG4Q4V,210000042784938,Visa,AUD,No
1332525800,2011-08-01T13:14:25Z,Mac Apps,412325836,Hypnos,Ludwig Villiger,,,$1.99,D49A20D6B93E,MacAppStore/1.0.2 (Macintosh; U; Intel Mac OS X 10.6.8; English) AppleWebKit/534.50,129.180.173.242,,211021636429,08/03/2011,$0.18,$1.99,2011-08-01T13:14:25Z,MGVLXN0ST4,210000042784938,Visa,AUD,No
1332525800,2011-07-24T13:10:25Z,Mac Apps,444303913,OS X Lion,Apple Inc.,,,$31.99,D49A20D6B93E,MacAppStore/1.0.2 (Macintosh; U; Intel Mac OS X 10.6.8; English) AppleWebKit/533.21.1,129.180.173.242,,171021461228,07/26/2011,$2.91,$31.99,2011-07-24T13:10:25Z,MGVLWG3MY9,210000042784938,Visa,AUD,No
1332525800,2011-07-18T04:29:24Z,Albums,295832758,19 (Deluxe Edition),Beggars Group Digital,,,$20.99,D49A20D6B93E,iTunes/10.3.1 (Macintosh; Intel Mac OS X 10.6.8) AppleWebKit/533.21.1,60.240.11.31,,136021389575,07/20/2011,$1.91,$20.99,2011-07-18T04:29:24Z,MGVLVTKK0N,210000042784938,Visa,AUD,No
1332525800,2011-07-18T04:22:13Z,Albums,405293187,21,Beggars Group Digital,,,$16.99,D49A20D6B93E,iTunes/10.3.1 (Macintosh; Intel Mac OS X 10.6.8) AppleWebKit/533.21.1,60.240.11.31,,148020937116,07/18/2011,$1.54,$16.99,2011-07-18T03:43:47Z,MGVLVTJMF7,210000042784938,Visa,AUD,No
1332525800,2011-07-13T11:23:24Z,Movie Rentals,424334387,Unknown,Warner Bros. Entertainment Inc.,,,$5.99,00254BA622B2,iTunes/10.2.1 (Macintosh; Intel Mac OS X 10.5.8) AppleWebKit/533.20.25,60.240.11.31,,173021013602,07/15/2011,$0.54,$5.99,2011-07-13T11:23:24Z,MGVLVL937N,210000042784938,Visa,AUD,No
1332525800,2011-07-07T21:48:15Z,iOS and tvOS Apps,308097400,iFreeMind,Yonglei Zhang,,,$5.99,a669b0843879539a0cccc08870bf75308740a3b1,iTunes-iPhone/4.3.3 (4; 16GB),49.185.52.12,,128020849669,07/08/2011,$0.54,$5.99,2011-07-06T00:50:16Z,MGVLV88WFM,210000040711392,Visa,AUD,No
1332525800,2011-06-23T01:27:00Z,iOS and tvOS Apps,299813413,Lux DLX 3 - Map Conquest Game,Sillysoft Games,,,$5.99,a669b0843879539a0cccc08870bf75308740a3b1,iTunes-iPhone/4.3.3 (4; 16GB),175.32.64.37,,189019996075,06/24/2011,$1.45,$15.98,2011-06-22T08:41:02Z,MGVLTKLLHG,210000040711392,Visa,AUD,No
1332525800,2011-06-22T08:41:02Z,Albums,323896671,Wonder,The Warner Music Group,,,$9.99,D49A20D6B93E,iTunes/10.3.1 (Macintosh; Intel Mac OS X 10.6.7) AppleWebKit/533.21.1,129.180.173.242,,189019996075,06/24/2011,$1.45,$15.98,2011-06-22T08:41:02Z,MGVLTKLLHG,210000040711392,Visa,AUD,No
1332525800,2011-06-21T01:11:05Z,Albums,338870631,Hunting My Dress (Bonus Track Version),Republic Of Music,,,$11.99,D49A20D6B93E,iTunes/10.3.1 (Macintosh; Intel Mac OS X 10.6.7) AppleWebKit/533.21.1,129.180.173.242,,198020076225,06/22/2011,$2.63,$28.98,2011-06-19T23:31:43Z,MGVLTH2FJJ,210000040711392,Visa,AUD,No
1332525800,2011-06-19T23:31:43Z,Albums,368054407,High Violet (Bonus Track Version),Beggars Group Digital,,,$16.99,D49A20D6B93E,iTunes/10.3.1 (Macintosh; Intel Mac OS X 10.6.7) AppleWebKit/533.21.1,129.180.173.242,,198020076225,06/22/2011,$2.63,$28.98,2011-06-19T23:31:43Z,MGVLTH2FJJ,210000040711392,Visa,AUD,No
1332525800,2011-06-13T09:12:41Z,Albums,325837987,The Outsiders,The Warner Music Group,,,$16.99,D49A20D6B93E,iTunes/10.3.1 (Macintosh; Intel Mac OS X 10.6.7) AppleWebKit/533.21.1,129.180.173.242,,196019900516,06/15/2011,$1.54,$16.99,2011-06-13T09:12:41Z,MGVLT6S9S0,210000040711392,Visa,AUD,No
1332525800,2011-06-04T07:31:34Z,Albums,256512799,The Police,Universal Music International,,,$10.99,D49A20D6B93E,iTunes/10.2.2 (Macintosh; Intel Mac OS X 10.6.7) AppleWebKit/533.21.1,129.180.173.242,,209019371683,06/06/2011,$1.00,$10.99,2011-06-04T07:31:34Z,MGVLSVMF1X,210000038302933,Visa,AUD,No
1332525800,2011-05-27T16:08:40Z,Albums,358544198,I Speak Because I Can,DO NOT USE - EMI Music,,,$17.99,D49A20D6B93E,iTunes/10.2.2 (Macintosh; Intel Mac OS X 10.6.7) AppleWebKit/533.21.1,129.180.173.242,,214019328106,05/30/2011,$1.64,$17.99,2011-05-27T16:08:40Z,MGVLSFKSK6,210000038302933,Visa,AUD,No
1332525800,2011-05-25T07:59:59Z,Books,361669193,Grimm's Fairy Stories,Project Gutenberg,,,$0.00,a669b0843879539a0cccc08870bf75308740a3b1,iTunes-iPhone/4.3.3 (4; 16GB),49.183.163.107,,,,,,2011-05-25T07:22:45Z,,210000038302933,Visa,AUD,No
1332525800,2011-05-25T07:22:45Z,Books,395687522,Dream Psychology,Public Domain,,,$0.00,a669b0843879539a0cccc08870bf75308740a3b1,iTunes-iPhone/4.3.3 (4; 16GB),49.183.163.107,,,,,,2011-05-25T07:22:45Z,,210000038302933,Visa,AUD,No
1332525800,2011-05-21T10:58:08Z,Books,395536306,The Adventures of Sherlock Holmes,Public Domain,,,$0.00,a669b0843879539a0cccc08870bf75308740a3b1,iTunes-iPhone/4.3.3 (4; 16GB),175.34.47.103,,,,,,2011-05-20T01:14:57Z,,210000038302933,Visa,AUD,No
1332525800,2011-05-21T10:57:11Z,Books,395941181,Gulliver's Travels,Public Domain,,,$0.00,a669b0843879539a0cccc08870bf75308740a3b1,iTunes-iPhone/4.3.3 (4; 16GB),175.34.47.103,,,,,,2011-05-20T01:14:57Z,,210000038302933,Visa,AUD,No
1332525800,2011-05-16T07:11:52Z,Albums,380925948,Birds of Tokyo,DO NOT USE - EMI Music,,,$17.99,D49A20D6B93E,iTunes/10.2.2 (Macintosh; Intel Mac OS X 10.6.7) AppleWebKit/533.21.1,129.180.173.242,,133018602176,05/16/2011,$3.18,$34.98,2011-05-16T07:04:13Z,MGVLQW8SLF,210000038302933,Visa,AUD,No
1332525800,2011-05-16T07:04:13Z,Albums,386570839,Midnight Remember (Bonus Track Version),Liberation,,,$16.99,D49A20D6B93E,iTunes/10.2.2 (Macintosh; Intel Mac OS X 10.6.7) AppleWebKit/533.21.1,129.180.173.242,,133018602176,05/16/2011,$3.18,$34.98,2011-05-16T07:04:13Z,MGVLQW8SLF,210000038302933,Visa,AUD,No
1332525800,2011-05-13T05:59:52Z,Movie Purchases,345716429,A Beautiful Mind,Paramount Home Entertainment Inc.,,,$12.99,D49A20D6B93E,iTunes/10.2.2 (Macintosh; Intel Mac OS X 10.6.7) AppleWebKit/533.21.1,129.180.173.242,,183018841861,05/15/2011,$1.29,$14.18,2011-05-13T01:20:36Z,MGVLQN1B5Q,210000038302933,Visa,AUD,No
1332525800,2011-05-13T01:20:36Z,iOS and tvOS Apps,412733762,iProcrastinate,Craig Otis,,,$1.19,a669b0843879539a0cccc08870bf75308740a3b1,iTunes-iPhone/4.3.2 (4; 16GB),129.180.165.186,,183018841861,05/15/2011,$1.29,$14.18,2011-05-13T01:20:36Z,MGVLQN1B5Q,210000038302933,Visa,AUD,No
1332525800,2011-04-26T15:15:43Z,Albums,58339714,Demon Days,DO NOT USE - EMI Music,,,$9.99,D49A20D6B93E,iTunes/10.2.2 (Macintosh; Intel Mac OS X 10.6.7) AppleWebKit/533.21.1,60.240.11.31,,111018078982,04/27/2011,$0.91,$9.99,2011-04-26T13:38:55Z,MGVLNV9KWJ,210000024126382,Visa,AUD,No
1332525800,2011-04-15T01:57:55Z,Albums,272075238,Alas I Cannot Swim,DO NOT USE - EMI Music,,,$9.99,D49A20D6B93E,iTunes/10.2.1 (Macintosh; Intel Mac OS X 10.6.7) AppleWebKit/533.20.25,129.180.173.242,,126018225936,04/17/2011,$0.91,$9.99,2011-04-15T01:57:55Z,MGVLN68TZ9,210000024126382,Visa,AUD,No
1332525800,2011-04-01T15:49:26Z,iOS and tvOS Apps,343786445,Tunes Remote,De Voorkant,,,$1.19,a669b0843879539a0cccc08870bf75308740a3b1,iTunes-iPhone/4.3.1 (4; 16GB),129.180.165.186,,145017389879,04/03/2011,$1.88,$20.67,2011-04-01T04:37:52Z,MGVLMMXJQ5,210000024126382,Visa,AUD,No
1332525800,2011-04-01T15:09:57Z,iOS and tvOS Apps,289616509,Mobile Mouse Remote,"RPA Tech, INC",,,$2.49,D49A20D6B93E,iTunes/10.2.1 (Macintosh; Intel Mac OS X 10.6.7) AppleWebKit/533.20.25,129.180.175.199,,145017389879,04/03/2011,$1.88,$20.67,2011-04-01T04:37:52Z,MGVLMMXJQ5,210000024126382,Visa,AUD,No
1332525800,2011-04-01T04:37:52Z,Albums,94713779,Veneer,Regency Media Pty Ltd (formerly Shock Records),,,$16.99,D49A20D6B93E,iTunes/10.2.1 (Macintosh; Intel Mac OS X 10.6.7) AppleWebKit/533.20.25,129.180.175.199,,145017389879,04/03/2011,$1.88,$20.67,2011-04-01T04:37:52Z,MGVLMMXJQ5,210000024126382,Visa,AUD,No
1332525800,2011-03-11T12:49:58Z,In-App Purchases,325464289,Rowmote Pro Upgrade,"Evan Schoenberg, M.D.|276803726",300265786,Rowmote: Remote Control for Mac,$4.99,a669b0843879539a0cccc08870bf75308740a3b1,iTunes-iPhone/4.2.1 (4; 16GB),129.180.165.186,,124016821767,03/13/2011,$0.45,$4.99,2011-03-11T12:49:58Z,MGVLLW2BY2,210000024126382,Visa,AUD,No
1332525800,2011-03-11T12:45:10Z,iOS and tvOS Apps,300265786,Rowmote: Remote Control for Mac,"Evan Schoenberg, M.D.|276803726",,,$1.19,a669b0843879539a0cccc08870bf75308740a3b1,iTunes-iPhone/4.2.1 (4; 16GB),129.180.165.186,,150016795214,03/11/2011,$0.11,$1.19,2011-03-11T00:09:34Z,MGVLLVK17T,210000024126382,Visa,AUD,No
1332525800,2011-03-07T11:51:12Z,In-App Purchases,400107304,Genius Scan+,The Grizzly Labs,377672876,Genius Scan - PDF Scanner,$3.99,a669b0843879539a0cccc08870bf75308740a3b1,iTunes-iPhone/4.2.1 (4; 16GB),129.180.165.186,,156016694688,03/07/2011,$0.36,$3.99,2011-03-06T14:19:16Z,MGVLLMXYJB,210000024126382,Visa,AUD,No
1332525800,2011-02-25T13:52:11Z,Albums,283699720,Room for Squares,Sony Music,,,$9.99,a669b0843879539a0cccc08870bf75308740a3b1,iTunes-iPhone/4.2.1 (4; 16GB),129.180.165.186,,119016536579,02/26/2011,$0.91,$9.99,2011-02-25T13:52:11Z,MGVLL8XLYJ,210000024126382,Store Credit,AUD,No
1332525800,2011-02-01T05:12:08Z,Albums,272526773,Sleep Through the Static,Universal Music International,,,$16.99,D49A20D6B93E,iTunes/10.1.2 (Macintosh; Intel Mac OS X 10.6.6) AppleWebKit/533.19.4,60.240.11.31,,188015311345,02/01/2011,$3.09,$33.98,2011-02-01T05:00:32Z,MGVLKBN5S6,210000024126382,Store Credit,AUD,No
1332525800,2011-02-01T05:00:32Z,Albums,332757940,Sigh No More,Universal Music International,,,$16.99,D49A20D6B93E,iTunes/10.1.2 (Macintosh; Intel Mac OS X 10.6.6) AppleWebKit/533.19.4,60.240.11.31,,188015311345,02/01/2011,$3.09,$33.98,2011-02-01T05:00:32Z,MGVLKBN5S6,210000024126382,Store Credit,AUD,No
1332525800,2011-01-28T05:33:15Z,Albums,281636906,Continuum,Sony Music,,,$9.99,D49A20D6B93E,iTunes/10.1.1 (Macintosh; Intel Mac OS X 10.6.6) AppleWebKit/533.19.4,60.240.11.31,,113015154292,01/29/2011,$0.91,$9.99,2011-01-28T05:33:15Z,MGVLK68YF4,210000024126382,Store Credit,AUD,No
1332525800,2011-01-11T09:44:03Z,In-App Purchases,371681119,X3watch Pro,XXXchurch.com,337170101,X3watch,$9.99,a669b0843879539a0cccc08870bf75308740a3b1,iTunes-iPhone/4.2.1 (4; 16GB),60.240.11.31,,187015018670,01/13/2011,$0.91,$9.99,2011-01-11T09:44:03Z,MGVLJJZ7VY,210000024126382,Visa,AUD,No
1332525800,2011-01-10T12:04:13Z,iOS and tvOS Apps,337170101,X3watch,XXXchurch.com,,,$1.19,a669b0843879539a0cccc08870bf75308740a3b1,iTunes-iPhone/4.2.1 (4; 16GB),60.240.11.31,,116014828722,01/10/2011,$0.11,$1.19,2011-01-10T12:02:02Z,MGVLJHZ2K1,210000024126382,Visa,AUD,No
1332525800,2010-12-27T12:51:41Z,Books,361563597,Alice's Adventures in Wonderland,Project Gutenberg,,,$0.00,a669b0843879539a0cccc08870bf75308740a3b1,iTunes-iPhone/4.2.1 (4; 16GB),175.34.187.71,,,,,,2010-12-27T12:47:36Z,,210000024126382,Visa,AUD,No
1332525800,2010-10-17T00:42:26Z,Albums,220311706,Boxer,Beggars Group Digital,,,$16.99,df42d83d7139fedca266ca282334859e6ef4c47e,iTunes-iPod/4.1 (2; 8GB),129.180.1.214,,174012332419,10/17/2010,$4.41,$48.46,2010-10-15T03:39:40Z,MGVLFBYQ3M,210000010279928,Visa,AUD,No
1332525800,2010-10-15T14:40:53Z,Albums,88243742,Feeding the Wolves,Liberation,,,$10.49,df42d83d7139fedca266ca282334859e6ef4c47e,iTunes-iPod/4.1 (2; 8GB),129.180.1.214,,174012332419,10/17/2010,$4.41,$48.46,2010-10-15T03:39:40Z,MGVLFBYQ3M,210000010279928,Visa,AUD,No
1332525800,2010-10-15T14:09:03Z,Albums,289443911,Chimney's Afire,Liberation,,,$10.49,df42d83d7139fedca266ca282334859e6ef4c47e,iTunes-iPod/4.1 (2; 8GB),129.180.1.224,,174012332419,10/17/2010,$4.41,$48.46,2010-10-15T03:39:40Z,MGVLFBYQ3M,210000010279928,Visa,AUD,No
1332525800,2010-10-15T03:39:40Z,Albums,215079175,Memories & Dust,Liberation,,,$10.49,df42d83d7139fedca266ca282334859e6ef4c47e,iTunes-iPod/4.1 (2; 8GB),129.180.1.214,,174012332419,10/17/2010,$4.41,$48.46,2010-10-15T03:39:40Z,MGVLFBYQ3M,210000010279928,Visa,AUD,No
1332525800,2010-10-12T12:43:29Z,Albums,263487335,A Book Like This,DO NOT USE - EMI Music,,,$17.99,df42d83d7139fedca266ca282334859e6ef4c47e,iTunes-iPod/4.1 (2; 8GB),129.180.1.224,,120012144097,10/14/2010,$2.04,$22.48,2010-10-12T12:06:49Z,MGVLF8G8H5,210000010279928,Visa,AUD,No
1332525800,2010-10-12T12:06:49Z,Albums,184459101,Chocolates & Cigarettes - EP,DO NOT USE - EMI Music,,,$4.49,df42d83d7139fedca266ca282334859e6ef4c47e,iTunes-iPod/4.1 (2; 8GB),129.180.1.224,,120012144097,10/14/2010,$2.04,$22.48,2010-10-12T12:06:49Z,MGVLF8G8H5,210000010279928,Visa,AUD,No
1332525800,2010-10-10T12:12:27Z,Albums,357366647,Down the Way,DO NOT USE - EMI Music,,,$17.99,df42d83d7139fedca266ca282334859e6ef4c47e,iTunes-iPod/4.1 (2; 8GB),129.180.1.224,,145011908667,10/10/2010,$1.64,$17.99,2010-10-09T02:46:48Z,MGVLF5B36H,210000010279928,Visa,AUD,No
1332525800,2010-09-20T20:41:50Z,iOS and tvOS Apps,334989259,WolframAlpha,Wolfram Group LLC,,,$2.49,df42d83d7139fedca266ca282334859e6ef4c47e,iTunes-iPod/4.1 (2; 8GB),129.180.1.214,,157011535343,09/23/2010,$0.23,$2.49,2010-09-20T20:41:50Z,MGVLDKF6MG,210000010279928,Visa,AUD,No
1332525800,2010-09-18T11:23:37Z,Books,361576103,The Wind in the Willows,Project Gutenberg,,,$0.00,df42d83d7139fedca266ca282334859e6ef4c47e,iTunes-iPod/4.1 (2; 8GB),60.240.11.31,,,,,,2010-09-17T13:38:44Z,,210000010279928,Visa,AUD,No
1332525800,2010-09-18T11:22:20Z,Books,361582271,The Tale of Peter Rabbit,Project Gutenberg,,,$0.00,df42d83d7139fedca266ca282334859e6ef4c47e,iTunes-iPod/4.1 (2; 8GB),60.240.11.31,,,,,,2010-09-17T13:38:44Z,,210000010279928,Visa,AUD,No
1332525800,2010-09-18T11:21:15Z,Books,361561643,Don Quixote,Project Gutenberg,,,$0.00,df42d83d7139fedca266ca282334859e6ef4c47e,iTunes-iPod/4.1 (2; 8GB),60.240.11.31,,,,,,2010-09-17T13:38:44Z,,210000010279928,Visa,AUD,No
1332525800,2010-09-18T10:19:14Z,Books,372822058,Winnie-the-Pooh,Penguin (Winnie the Pooh),,,$0.00,df42d83d7139fedca266ca282334859e6ef4c47e,iTunes-iPod/4.1 (2; 8GB),60.240.11.31,,,,,,2010-09-17T13:38:44Z,,210000010279928,Visa,AUD,No
1332525800,2010-06-21T11:08:51Z,iOS and tvOS Apps,343200656,AB Classic,Rovio Entertainment Oyj,,,$1.19,df42d83d7139fedca266ca282334859e6ef4c47e,iTunes-iPod/3.1.3 (2),60.240.11.31,,144009475808,06/23/2010,$0.22,$2.38,2010-06-21T10:50:23Z,MGVL8JMV17,210000010279928,Visa,AUD,No
1332525800,2010-06-21T10:50:23Z,iOS and tvOS Apps,340769953,Trenches,"Catapult Consulting, LLC",,,$1.19,df42d83d7139fedca266ca282334859e6ef4c47e,iTunes-iPod/3.1.3 (2),60.240.11.31,,144009475808,06/23/2010,$0.22,$2.38,2010-06-21T10:50:23Z,MGVL8JMV17,210000010279928,Visa,AUD,No
